update,transitions,high_reward_mean,high_reward_sum,duration_mean,detected_targets_mean,visited_targets_mean,retired_agents_mean,success_rate,entropy_reduction_mean,actor_explore_actions,actor_target_actions,actor_invalid_actions,actor_nonfinite_logits,actor_valid_target_actions,policy_loss,value_loss,entropy,approx_kl,clip_fraction
1,1398,0.7525584101676941,1052.07666015625,11.943490982055664,2.46875,0.953125,0.953125,0.03125,3076.90625,1314,84,0,0,84,-0.014112512581050396,24.229814529418945,1.6658519506454468,0.007830380462110043,0.07387842983007431
2,1267,0.9444255232810974,1196.587158203125,12.374112129211426,2.296875,1.203125,1.203125,0.0,2895.168701171875,1171,96,0,0,96,-0.006665663793683052,22.585813522338867,1.597827434539795,0.02618751861155033,0.1990332156419754
3,1206,1.1319493055343628,1365.130859375,12.705638885498047,2.046875,1.328125,1.328125,0.046875,2819.312255859375,1110,96,0,0,96,0.01625894196331501,29.67449951171875,1.623294472694397,0.003134584054350853,0.03894266486167908
4,1172,1.307739019393921,1532.670166015625,12.261092185974121,2.25,1.484375,1.484375,0.015625,2743.22900390625,1066,106,0,0,106,-0.012231414206326008,31.304960250854492,1.5289181470870972,0.020820623263716698,0.1658528745174408
5,1055,1.7842124700546265,1882.3441162109375,12.408531188964844,2.125,1.75,1.75,0.09375,2517.924072265625,937,118,0,0,118,0.0834232047200203,40.89617156982422,1.5860704183578491,0.004553722683340311,0.07716944068670273
6,1116,1.5653010606765747,1746.8759765625,12.226702690124512,2.140625,1.65625,1.65625,0.0625,2545.626708984375,999,117,0,0,117,-0.013579712249338627,38.27402877807617,1.5353703498840332,0.0049002268351614475,0.0990574061870575
7,994,1.834032654762268,1823.028564453125,12.569416046142578,2.078125,1.71875,1.71875,0.0625,2397.32470703125,875,119,0,0,119,-0.0012766578001901507,42.80465316772461,1.5225056409835815,0.00017646895139478147,0.0
8,1094,1.590065360069275,1739.531494140625,12.604205131530762,2.0,1.640625,1.640625,0.078125,2579.765625,980,114,0,0,114,-0.00975776556879282,40.993953704833984,1.502556324005127,0.00193876214325428,0.02611607126891613
9,1023,1.6993352174758911,1738.419921875,12.776148796081543,2.046875,1.6875,1.6875,0.015625,2469.78662109375,907,116,0,0,116,-0.0022238236851990223,37.98058319091797,1.467394232749939,0.0007852790877223015,0.011734038591384888
10,1016,1.786005973815918,1814.58203125,12.400590896606445,2.015625,1.734375,1.734375,0.0625,2426.146240234375,900,116,0,0,116,-0.0017052735202014446,41.919281005859375,1.4659912586212158,0.0001854839938459918,0.0019686259329319
11,1052,1.7392479181289673,1829.6888427734375,12.222433090209961,2.03125,1.703125,1.703125,0.078125,2483.796875,935,117,0,0,117,-0.014238459058105946,46.42621994018555,1.4500287771224976,0.0005717587773688138,0.006556919310241938
12,1032,1.7516441345214844,1807.69677734375,12.274225234985352,2.0,1.734375,1.734375,0.046875,2432.1142578125,914,118,0,0,118,0.012372109107673168,41.98783874511719,1.4327340126037598,0.0006673683528788388,0.0021158854942768812
13,1005,1.903099775314331,1912.615234375,12.257711410522461,2.0,1.78125,1.78125,0.09375,2375.7958984375,889,116,0,0,116,-0.002487033372744918,46.996849060058594,1.4156931638717651,0.0002469343598932028,0.0007606490980833769
14,1026,1.7209912538528442,1765.737060546875,12.150097846984863,2.125,1.703125,1.703125,0.015625,2434.2236328125,909,117,0,0,117,0.07007043063640594,38.04612350463867,1.4089330434799194,0.0005080532282590866,0.0017903646221384406
15,1052,1.6092482805252075,1692.92919921875,12.188213348388672,1.890625,1.65625,1.65625,0.03125,2444.22900390625,943,109,0,0,109,-0.026245834305882454,38.68173599243164,1.407504916191101,0.0008979141712188721,0.0120210200548172
16,1009,1.8536550998687744,1870.337890625,12.225966453552246,1.984375,1.75,1.75,0.109375,2413.43212890625,893,116,0,0,116,-0.0006915975827723742,45.55180740356445,1.4087907075881958,0.0004539542132988572,0.00397256575524807
17,981,1.9458982944488525,1908.92626953125,12.379204750061035,1.96875,1.796875,1.796875,0.078125,2339.912109375,864,117,0,0,117,-0.0019872337579727173,45.26060104370117,1.4049789905548096,0.00028439779998734593,0.002087428467348218
18,980,1.9546809196472168,1915.58740234375,12.863265037536621,2.125,1.796875,1.796875,0.078125,2426.422119140625,859,121,0,0,121,-0.0012022783048450947,45.37051773071289,1.4032899141311646,0.00031810638029128313,0.001777844619937241
19,1031,1.8694607019424438,1927.4139404296875,11.820562362670898,2.078125,1.796875,1.796875,0.078125,2417.38720703125,911,120,0,0,120,0.010965760797262192,41.18623352050781,1.402991771697998,0.0009109391830861568,0.012881324626505375
20,1096,1.7003370523452759,1863.5694580078125,11.996350288391113,1.984375,1.75,1.75,0.09375,2529.655029296875,978,118,0,0,118,-0.005620972719043493,42.77387619018555,1.4051443338394165,0.0006516099092550576,0.006745514925569296
21,1035,1.6299004554748535,1686.947021484375,12.614492416381836,1.890625,1.640625,1.640625,0.046875,2445.156982421875,925,110,0,0,110,-0.08660724759101868,42.61171340942383,1.4056841135025024,0.0020382865332067013,0.02345229685306549
22,1041,1.7326017618179321,1803.638427734375,12.058597564697266,1.953125,1.71875,1.71875,0.0625,2481.170166015625,931,110,0,0,110,0.024531282484531403,39.262916564941406,1.4515069723129272,0.00027101393789052963,0.0011393228778615594
23,1005,1.791975975036621,1800.935791015625,12.594029426574707,1.84375,1.71875,1.71875,0.0625,2444.57470703125,894,111,0,0,111,-0.0019068289548158646,42.60429763793945,1.4251985549926758,0.0004451375571079552,0.0032396914903074503
24,991,2.1824846267700195,2162.84228515625,12.295660972595215,2.125,1.9375,1.9375,0.1875,2387.62109375,864,127,0,0,127,0.0006157856550998986,53.559146881103516,1.4013481140136719,0.00030218029860407114,0.0007492415606975555
25,1024,1.9819458723068237,2029.5125732421875,11.92578125,2.0625,1.84375,1.84375,0.140625,2422.52294921875,903,121,0,0,121,-0.00041146110743284225,48.66102600097656,1.4169743061065674,8.957581303548068e-05,0.0
26,1045,1.8597187995910645,1943.4061279296875,12.236363410949707,2.015625,1.796875,1.796875,0.125,2521.153564453125,928,117,0,0,117,-0.01827237196266651,42.972442626953125,1.4234018325805664,0.00012534840789157897,0.0
27,993,2.0173044204711914,2003.183349609375,12.325277328491211,2.03125,1.828125,1.828125,0.140625,2353.30126953125,873,120,0,0,120,-0.0005855595809407532,49.25547409057617,1.401709794998169,4.641033956431784e-05,0.0002598752616904676
28,1002,1.7497295141220093,1753.22900390625,12.455089569091797,1.96875,1.6875,1.6875,0.03125,2355.670166015625,890,112,0,0,112,0.000167925376445055,39.49183654785156,1.417941927909851,0.00016713381046429276,0.0005102040595375001
29,1003,2.0844433307647705,2090.696533203125,11.97008991241455,2.078125,1.890625,1.890625,0.171875,2380.031005859375,879,124,0,0,124,0.0006707782158628106,51.40094757080078,1.4028124809265137,1.2970576790394261e-05,0.0
30,1008,1.8920397758483887,1907.176025390625,12.294642448425293,2.078125,1.765625,1.765625,0.109375,2404.9970703125,890,118,0,0,118,-0.0001759757287800312,45.85781478881836,1.4194782972335815,1.2789468200935517e-05,0.0
31,1046,1.8812638521194458,1967.802001953125,11.760038375854492,2.0625,1.796875,1.796875,0.15625,2437.60400390625,927,119,0,0,119,-0.03952299430966377,49.30183029174805,1.4047760963439941,7.825451029930264e-05,0.0
32,965,2.0760550498962402,2003.3929443359375,12.38341999053955,2.015625,1.828125,1.828125,0.15625,2312.131591796875,844,121,0,0,121,0.0019427200313657522,50.0904655456543,1.4022817611694336,2.8972757718292996e-05,0.0
33,914,2.2279138565063477,2036.313232421875,13.112691879272461,2.171875,1.890625,1.890625,0.078125,2255.89599609375,788,126,0,0,126,-0.0021629584953188896,48.44642639160156,1.3843884468078613,9.323090489488095e-05,0.0
34,971,2.312995433807373,2245.91845703125,12.12049388885498,2.265625,2.0,2.0,0.171875,2339.51220703125,841,130,0,0,130,-5.097989924252033e-05,53.79936218261719,1.3888295888900757,0.00020169814524706453,0.0
35,1020,1.9720970392227173,2011.538818359375,12.200980186462402,2.171875,1.859375,1.859375,0.09375,2423.8916015625,896,124,0,0,124,-0.00021462468430399895,46.65414047241211,1.4087623357772827,5.965887976344675e-05,0.0
36,1039,1.8241326808929443,1895.2738037109375,12.246390342712402,2.03125,1.75,1.75,0.125,2410.0908203125,923,116,0,0,116,-0.11012586206197739,52.34413146972656,1.4067319631576538,5.403820250649005e-05,0.0
37,1026,1.9028911590576172,1952.3663330078125,12.341130256652832,2.140625,1.8125,1.8125,0.078125,2414.9140625,906,120,0,0,120,-0.10503420978784561,69.53097534179688,1.3447157144546509,0.00011219512816751376,0.0
38,978,2.015524387359619,1971.182861328125,12.31799602508545,2.171875,1.828125,1.828125,0.09375,2353.276123046875,857,121,0,0,121,-0.0012113512493669987,45.883201599121094,1.4024149179458618,4.815434294869192e-05,0.0
39,988,1.9131360054016113,1890.1783447265625,12.351214408874512,1.984375,1.78125,1.78125,0.078125,2405.12158203125,871,117,0,0,117,-0.0006334905046969652,42.94989776611328,1.4102225303649902,1.952025922946632e-05,0.0
40,1023,1.9338085651397705,1978.2861328125,12.232648849487305,2.046875,1.84375,1.84375,0.09375,2462.82373046875,902,121,0,0,121,-0.0009215009631589055,47.24821472167969,1.407694697380066,8.095141674857587e-05,0.00024461839348077774
41,1008,2.020413875579834,2036.5771484375,12.237103462219238,2.046875,1.859375,1.859375,0.140625,2425.8916015625,887,121,0,0,121,-0.00040311459451913834,47.957942962646484,1.4058499336242676,0.00011518961400724947,0.0
42,1079,1.6208711862564087,1748.9200439453125,12.222428321838379,1.953125,1.6875,1.6875,0.046875,2547.919677734375,969,110,0,0,110,0.014813870191574097,38.104610443115234,1.4292696714401245,0.0001676159881753847,0.00032552084303461015
43,1012,1.804310917854309,1825.9625244140625,12.235177993774414,1.984375,1.734375,1.734375,0.046875,2341.798828125,899,113,0,0,113,-0.0015997490845620632,41.54168701171875,1.4167779684066772,0.0005144235910847783,0.0037324221339076757
44,1050,1.747848629951477,1835.2410888671875,11.979047775268555,1.984375,1.734375,1.734375,0.078125,2408.39013671875,939,111,0,0,111,-0.011256985366344452,42.28804397583008,1.4125514030456543,0.0005133489612489939,0.0016276041278615594
45,932,1.9862312078475952,1851.16748046875,12.887338638305664,2.015625,1.765625,1.765625,0.0625,2248.310546875,815,117,0,0,117,-7.656775414943695e-05,43.835933685302734,1.3928155899047852,6.165747618069872e-05,0.0
46,1010,1.8604849576950073,1879.0897216796875,12.179207801818848,2.0625,1.78125,1.78125,0.0625,2400.510498046875,891,119,0,0,119,-9.348007733933628e-05,41.997474670410156,1.400496482849121,2.8563004889292642e-05,0.0
47,990,1.7598776817321777,1742.27880859375,12.749494552612305,1.90625,1.6875,1.6875,0.046875,2358.27001953125,874,116,0,0,116,-0.0014015089254826307,40.12389373779297,1.402274489402771,7.0320995291695e-05,0.0
48,1045,1.8072611093521118,1888.587890625,11.739712715148926,1.953125,1.75,1.75,0.125,2374.36767578125,927,118,0,0,118,0.05037715658545494,42.041099548339844,1.37309992313385,0.0001778623991413042,0.0
49,1032,1.7958117723464966,1853.2777099609375,12.10465145111084,2.0625,1.765625,1.765625,0.046875,2410.2998046875,915,117,0,0,117,-0.014884404838085175,41.55072021484375,1.411198616027832,6.0308113461360335e-05,0.00016276042151730508
50,1013,1.7991001605987549,1822.4884033203125,12.329713821411133,1.953125,1.734375,1.734375,0.0625,2369.186279296875,896,117,0,0,117,-0.0014964141882956028,39.274253845214844,1.4009041786193848,0.00029301131144165993,0.0012421446153894067
51,999,2.0216455459594727,2019.6239013671875,12.217217445373535,2.171875,1.859375,1.859375,0.09375,2376.2470703125,872,127,0,0,127,-0.0008309944532811642,41.99388122558594,1.3947575092315674,0.00021980697056278586,0.0005133470403961837
52,1078,1.6289316415786743,1755.98828125,12.22449016571045,1.921875,1.6875,1.6875,0.046875,2551.47509765625,965,113,0,0,113,0.013653159141540527,35.793975830078125,1.4373607635498047,9.116750879911706e-05,0.0
53,1035,2.025916337966919,2096.823486328125,12.083091735839844,2.125,1.921875,1.921875,0.09375,2438.72119140625,909,126,0,0,126,-0.053954869508743286,39.896522521972656,1.3903597593307495,1.0844974895007908e-05,0.0
54,1082,1.9291731119155884,2087.365234375,11.542513847351074,2.203125,1.890625,1.890625,0.140625,2466.9365234375,956,126,0,0,126,-0.004723185207694769,40.85403060913086,1.408528447151184,0.00013172424223739654,0.0
55,973,1.9690710306167603,1915.906005859375,12.300103187561035,2.0625,1.796875,1.796875,0.078125,2234.692138671875,853,120,0,0,120,-0.0005125631578266621,39.86836624145508,1.394517183303833,1.579041600052733e-05,0.0
56,1021,1.9652750492095947,2006.5458984375,11.895200729370117,2.015625,1.84375,1.84375,0.140625,2424.263671875,902,119,0,0,119,-5.444791167974472e-05,43.801231384277344,1.4095354080200195,1.096481537388172e-05,0.0
57,1010,1.9501590728759766,1969.66064453125,11.987128257751465,2.09375,1.828125,1.828125,0.09375,2378.1630859375,891,119,0,0,119,-0.00028658914379775524,39.481685638427734,1.4119794368743896,5.415263331087772e-06,0.0
58,1047,1.6718966960906982,1750.475830078125,12.053485870361328,1.9375,1.640625,1.640625,0.09375,2472.69921875,937,110,0,0,110,-0.014469501562416553,40.071250915527344,1.4416427612304688,3.7992467696312815e-06,0.0
59,979,1.981790542602539,1940.1728515625,12.655771255493164,2.125,1.8125,1.8125,0.078125,2404.83203125,860,119,0,0,119,0.0005889015737921,41.63093185424805,1.4083280563354492,1.0793967248901026e-06,0.0
60,1065,1.7280638217926025,1840.387939453125,12.250703811645508,1.984375,1.71875,1.71875,0.09375,2520.2060546875,946,119,0,0,119,0.004363505635410547,38.456111907958984,1.4099456071853638,6.776236114092171e-05,0.0
61,1033,1.9285149574279785,1992.1558837890625,11.914811134338379,2.0625,1.828125,1.828125,0.125,2403.951171875,914,119,0,0,119,0.004598736763000488,39.76142120361328,1.4144964218139648,4.792609252035618e-05,0.0
62,977,2.2768354415893555,2224.46826171875,12.180143356323242,2.140625,1.984375,1.984375,0.171875,2368.146484375,845,132,0,0,132,-0.000969497486948967,51.453407287597656,1.3924560546875,1.2065172995789908e-05,0.0
63,1017,1.898938775062561,1931.220703125,12.196657180786133,1.96875,1.796875,1.796875,0.109375,2407.3310546875,900,117,0,0,117,0.00017230934463441372,41.284603118896484,1.4161393642425537,9.377161404700018e-06,0.0
64,977,2.0095038414001465,1963.2852783203125,12.440122604370117,2.0,1.8125,1.8125,0.109375,2358.608642578125,859,118,0,0,118,-0.00012505915947258472,40.776920318603516,1.4087026119232178,1.9529517885530367e-05,0.0
65,978,2.0004124641418457,1956.4033203125,12.456032752990723,2.0625,1.828125,1.828125,0.078125,2364.75732421875,859,119,0,0,119,-0.0008701609913259745,37.411380767822266,1.408345341682434,2.6658206479623914e-05,0.0
66,952,1.9868139028549194,1891.44677734375,12.514705657958984,1.984375,1.78125,1.78125,0.09375,2314.935546875,836,116,0,0,116,-0.0036277153994888067,40.23616027832031,1.4116266965866089,2.000675340241287e-05,0.0
67,983,1.9615153074264526,1928.1695556640625,12.460834503173828,2.046875,1.828125,1.828125,0.03125,2404.658203125,862,121,0,0,121,-0.0005198615835979581,35.93513488769531,1.4086368083953857,4.154080670559779e-05,0.0
68,967,2.052838087081909,1985.094482421875,12.341261863708496,2.09375,1.859375,1.859375,0.0625,2296.5908203125,843,124,0,0,124,-0.0015412855427712202,39.865257263183594,1.3949319124221802,8.23811351438053e-05,0.0
69,998,1.9803529977798462,1976.3922119140625,12.144289016723633,2.046875,1.8125,1.8125,0.140625,2416.264404296875,878,120,0,0,120,-0.000859271502122283,41.98625564575195,1.407397985458374,0.00013763358583673835,0.0005144032766111195
70,1040,1.7770224809646606,1848.1033935546875,12.058653831481934,2.03125,1.765625,1.765625,0.046875,2401.221435546875,923,117,0,0,117,0.016566837206482887,34.13853073120117,1.41145658493042,0.00011500381515361369,0.00032552084303461015
71,1143,1.4424610137939453,1648.73291015625,11.415573120117188,1.84375,1.59375,1.59375,0.046875,2434.006591796875,1033,110,0,0,110,0.002966633066534996,29.750722885131836,1.4155491590499878,0.00036185747012495995,0.0008630405645817518
72,1000,1.9358924627304077,1935.892333984375,12.515999794006348,2.046875,1.796875,1.796875,0.109375,2442.31005859375,879,121,0,0,121,0.0004224929725751281,42.92583465576172,1.401929259300232,4.1101895476458594e-05,0.0
73,1023,2.0189647674560547,2065.40087890625,12.092864036560059,2.0,1.890625,1.890625,0.125,2416.72216796875,900,123,0,0,123,-0.0009418616537004709,43.02825164794922,1.4061453342437744,8.306848030770198e-05,0.0004887590184807777
74,985,2.0874688625335693,2056.15673828125,12.213197708129883,2.078125,1.875,1.875,0.140625,2351.908935546875,862,123,0,0,123,-0.0010444347281008959,44.162086486816406,1.395689845085144,0.00024521941668353975,0.0013012230629101396
75,1079,1.6948776245117188,1828.77294921875,11.77386474609375,2.0625,1.71875,1.71875,0.078125,2436.096923828125,962,117,0,0,117,0.012609947472810745,36.240840911865234,1.4110641479492188,0.00027216807939112186,0.00032552084303461015
76,1034,2.020634651184082,2089.336181640625,11.98646068572998,2.0625,1.875,1.875,0.1875,2413.343017578125,911,123,0,0,123,-0.0471937395632267,46.63820266723633,1.4255609512329102,0.00010191265027970076,0.0
77,1042,1.934053659439087,2015.283935546875,12.097888946533203,2.0,1.828125,1.828125,0.15625,2410.61376953125,922,120,0,0,120,0.013053071685135365,41.03495788574219,1.3978514671325684,7.201573316706344e-05,0.0
78,1021,1.9098361730575562,1949.9427490234375,12.309500694274902,2.015625,1.796875,1.796875,0.125,2497.013671875,904,117,0,0,117,-3.326241858303547e-05,40.64801788330078,1.4179445505142212,6.712759204674512e-05,0.0
79,1002,1.9720317125320435,1975.975830078125,12.259481430053711,2.15625,1.8125,1.8125,0.125,2342.496826171875,881,121,0,0,121,-0.0002745455130934715,42.85907745361328,1.407694935798645,1.0655156074790284e-05,0.0
80,993,2.0407049655914307,2026.4200439453125,12.10070514678955,2.140625,1.859375,1.859375,0.109375,2365.62890625,872,121,0,0,121,-0.0007501930231228471,41.593780517578125,1.4045346975326538,2.6929799787467346e-05,0.0
81,1017,1.8680362701416016,1899.7928466796875,12.366765022277832,1.96875,1.796875,1.796875,0.0625,2385.0439453125,898,119,0,0,119,-0.0005177278071641922,38.15376281738281,1.408278226852417,5.236206197878346e-05,0.0
82,1070,1.586978554725647,1698.0670166015625,11.939251899719238,1.9375,1.65625,1.65625,0.015625,2503.49658203125,957,113,0,0,113,0.01826169528067112,30.24350929260254,1.4363235235214233,0.00047288520727306604,0.0030924479942768812
83,1055,1.7447506189346313,1840.7119140625,12.323223114013672,1.953125,1.703125,1.703125,0.09375,2484.995849609375,942,113,0,0,113,0.04982764646410942,37.16282272338867,1.4585179090499878,0.00021698432101402432,0.0
84,1023,1.907080054283142,1950.94287109375,12.251221656799316,2.140625,1.8125,1.8125,0.09375,2444.9453125,902,121,0,0,121,-0.000363038619980216,40.69778823852539,1.4199894666671753,7.281373837031424e-05,0.0
85,1050,1.6758488416671753,1759.641357421875,12.325714111328125,1.859375,1.6875,1.6875,0.0625,2481.3203125,936,114,0,0,114,0.028270816430449486,32.917945861816406,1.4424930810928345,0.00013322668382897973,0.0
86,1009,1.9793603420257568,1997.174560546875,12.289395332336426,2.09375,1.84375,1.84375,0.109375,2404.9248046875,889,120,0,0,120,-0.00027013407088816166,42.46514892578125,1.4203026294708252,5.607262210105546e-05,0.0
87,968,2.0535812377929688,1987.8668212890625,12.370867729187012,2.140625,1.84375,1.84375,0.078125,2336.810791015625,847,121,0,0,121,0.0018127955263480544,39.41709899902344,1.4110403060913086,2.172999120375607e-05,0.0
88,1056,1.6307024955749512,1722.021728515625,12.28787899017334,1.90625,1.65625,1.65625,0.046875,2501.130615234375,945,111,0,0,111,-0.009330803528428078,31.351945877075195,1.4731694459915161,0.00016994182078633457,0.00016276042151730508
89,1035,1.747363805770874,1808.5216064453125,12.202898979187012,2.0,1.71875,1.71875,0.078125,2423.00244140625,920,115,0,0,115,0.07485345005989075,32.8397102355957,1.4007066488265991,0.0002720217453315854,0.00032552084303461015
90,1027,1.8562530279159546,1906.371826171875,12.147029876708984,1.953125,1.78125,1.78125,0.09375,2415.197998046875,912,115,0,0,115,-0.10078677535057068,35.1851921081543,1.3139047622680664,8.721687481738627e-05,0.0
91,1020,1.8382619619369507,1875.027099609375,12.432353019714355,1.953125,1.78125,1.78125,0.0625,2449.33203125,906,114,0,0,114,-0.0007372740656137466,37.129859924316406,1.4267586469650269,2.901016705436632e-05,0.0
92,1056,1.859418511390686,1963.5458984375,12.045454978942871,2.03125,1.8125,1.8125,0.125,2476.34765625,934,122,0,0,122,-0.012822178192436695,41.40269088745117,1.4385112524032593,0.00020477948419284075,0.00016276042151730508
93,1020,1.9236596822738647,1962.1328125,12.366666793823242,1.953125,1.84375,1.84375,0.078125,2506.9248046875,902,118,0,0,118,-0.002013474702835083,39.9047737121582,1.42072331905365,0.00029104528948664665,0.0004902036162093282
94,999,2.0189993381500244,2016.98046875,12.40640640258789,2.0625,1.84375,1.84375,0.109375,2394.81640625,880,119,0,0,119,-0.0009955614805221558,43.31517028808594,1.410579800605774,0.0006100317696109414,0.003518231911584735
95,1055,1.921390414237976,2027.06689453125,11.72132682800293,2.03125,1.859375,1.859375,0.125,2399.314697265625,932,123,0,0,123,0.013074864633381367,42.222591400146484,1.4013009071350098,0.0005765227251686156,0.004641296807676554
96,1003,1.7053266763687134,1710.442626953125,12.4317045211792,1.875,1.65625,1.65625,0.046875,2418.8876953125,895,108,0,0,108,0.0002534387167543173,33.91666793823242,1.4090511798858643,7.16750364517793e-05,0.0
97,1088,1.732597827911377,1885.06640625,11.873161315917969,2.046875,1.75,1.75,0.109375,2503.455810546875,971,117,0,0,117,0.006543653551489115,41.8343620300293,1.4156814813613892,0.00020985111768823117,0.00016276042151730508
98,1049,1.7748092412948608,1861.77490234375,12.113441467285156,1.953125,1.765625,1.765625,0.078125,2436.189453125,933,116,0,0,116,-0.05058344081044197,40.766292572021484,1.3913092613220215,0.00019109547429252416,0.00048828125
99,1056,1.675770878791809,1769.614013671875,12.140151977539062,1.96875,1.671875,1.671875,0.046875,2479.892578125,941,115,0,0,115,-0.052209511399269104,41.9256591796875,1.406429409980774,0.0003418406704440713,0.0026041667442768812
100,993,1.913169503211975,1899.77734375,12.415911674499512,2.03125,1.765625,1.765625,0.09375,2384.235107421875,873,120,0,0,120,-0.0005565197207033634,38.52639389038086,1.3831768035888672,0.00018706571427173913,0.0005197505233809352
101,996,2.0694589614868164,2061.18115234375,12.055220603942871,2.125,1.890625,1.890625,0.109375,2353.1796875,873,123,0,0,123,-6.282620597630739e-05,40.645904541015625,1.3846076726913452,0.00012713187607005239,0.00025826445198617876
102,1085,1.6669062376022339,1808.59326171875,12.002764701843262,1.9375,1.71875,1.71875,0.078125,2530.90283203125,969,116,0,0,116,-0.010668697766959667,37.376670837402344,1.4079461097717285,0.00015195341256912798,0.00048828125
103,1003,1.850534439086914,1856.0860595703125,12.148554801940918,1.921875,1.75,1.75,0.109375,2348.23095703125,889,114,0,0,114,-0.00172749615740031,37.601776123046875,1.3835688829421997,0.00045322562800720334,0.0035015037283301353
104,1016,1.8635914325714111,1893.408935546875,11.95964527130127,1.953125,1.78125,1.78125,0.09375,2365.05126953125,897,119,0,0,119,-0.0013473483268171549,38.966678619384766,1.3715145587921143,0.0005362990777939558,0.0029606895986944437
105,985,2.0253188610076904,1994.9390869140625,12.057868003845215,2.171875,1.859375,1.859375,0.078125,2340.5791015625,861,124,0,0,124,-0.0018112589605152607,40.32158660888672,1.356062650680542,0.00021944839681964368,0.0012609630357474089
106,1020,2.2266781330108643,2271.211669921875,11.51568603515625,2.1875,2.0,2.0,0.21875,2354.77001953125,889,131,0,0,131,-0.001130768097937107,46.06243133544922,1.3575282096862793,0.0003141548077110201,0.002210722304880619
107,1062,1.6853437423706055,1789.8350830078125,12.010357856750488,1.984375,1.6875,1.6875,0.09375,2439.32861328125,948,114,0,0,114,0.009473376907408237,37.01350402832031,1.3907636404037476,0.0006461154553107917,0.003495065728202462
108,1068,1.6188957691192627,1728.980712890625,11.911048889160156,1.890625,1.65625,1.65625,0.078125,2446.914794921875,955,113,0,0,113,-0.03468694910407066,34.03097152709961,1.3920289278030396,5.185184636502527e-05,0.0
109,1043,1.8741447925567627,1954.7330322265625,11.927133560180664,2.109375,1.796875,1.796875,0.125,2434.014404296875,922,121,0,0,121,-0.0033288125414401293,39.10642623901367,1.3927937746047974,0.00010027149255620316,0.0
110,1020,1.7917323112487793,1827.56689453125,12.06862735748291,2.015625,1.75,1.75,0.046875,2321.18798828125,905,115,0,0,115,-0.0011616197880357504,34.71141815185547,1.391632318496704,0.00026769129908643663,0.0009823295986279845
111,1049,1.773224949836731,1860.1129150390625,11.829360961914062,2.0,1.75,1.75,0.09375,2453.79443359375,932,117,0,0,117,0.015689797699451447,33.60941696166992,1.4322363138198853,0.0022736622486263514,0.020097656175494194
112,1018,1.7794909477233887,1811.521728515625,12.230844497680664,1.953125,1.703125,1.703125,0.09375,2423.0087890625,905,113,0,0,113,-0.0005468430463224649,37.46562957763672,1.4267022609710693,0.00010758804273791611,0.0
113,1040,1.7909572124481201,1862.595458984375,12.281730651855469,1.984375,1.75,1.75,0.046875,2478.923828125,922,118,0,0,118,0.04053981229662895,34.58125686645508,1.4316879510879517,0.0003120741748716682,0.00048828125
114,1066,1.8330419063568115,1954.022705078125,11.827392578125,2.015625,1.796875,1.796875,0.140625,2501.18408203125,946,120,0,0,120,0.007125382777303457,41.5312614440918,1.4121869802474976,0.0003659535141196102,0.0024724083486944437
115,1045,1.8563262224197388,1939.8609619140625,12.021052360534668,2.0625,1.8125,1.8125,0.09375,2388.587890625,926,119,0,0,119,0.036765385419130325,41.25239944458008,1.4182270765304565,0.00015317206270992756,0.0
116,1001,1.9172461032867432,1919.1634521484375,11.85314655303955,1.984375,1.796875,1.796875,0.09375,2404.34814453125,881,120,0,0,120,5.681090988218784e-05,38.14545440673828,1.4150588512420654,5.307163155521266e-05,0.0
117,1011,1.9943480491638184,2016.2860107421875,12.261127471923828,2.09375,1.84375,1.84375,0.125,2462.8076171875,886,125,0,0,125,-0.0007482911460101604,40.568626403808594,1.4117636680603027,0.0001283410529140383,0.0
118,1045,1.5885826349258423,1660.06884765625,12.500478744506836,1.875,1.609375,1.609375,0.046875,2503.5810546875,938,107,0,0,107,0.003340295748785138,33.72352600097656,1.4209190607070923,9.036555275088176e-05,0.0
119,1057,1.7163665294647217,1814.199462890625,12.280037879943848,2.03125,1.71875,1.71875,0.078125,2510.39208984375,944,113,0,0,113,0.025124667212367058,34.11817169189453,1.426129937171936,6.700197263853624e-05,0.0
120,985,1.8747873306274414,1846.66552734375,12.634517669677734,1.9375,1.734375,1.734375,0.078125,2326.328125,868,117,0,0,117,-0.0006735071074217558,39.095829010009766,1.4113051891326904,0.00011882562102982774,0.0
121,1001,1.9335969686508179,1935.5306396484375,11.902097702026367,1.984375,1.796875,1.796875,0.125,2319.30126953125,883,118,0,0,118,0.00044556567445397377,40.39388656616211,1.404911994934082,0.00010421669867355376,0.0
122,1004,1.842556118965149,1849.92626953125,12.499004364013672,2.078125,1.75,1.75,0.078125,2444.076904296875,888,116,0,0,116,-0.0005521615967154503,37.01121520996094,1.411629557609558,9.115751890931278e-05,0.0
123,1030,1.8186283111572266,1873.1871337890625,12.126214027404785,1.984375,1.765625,1.765625,0.0625,2457.6669921875,913,117,0,0,117,-0.11225811392068863,41.48379135131836,1.3851231336593628,5.022448385716416e-05,0.0
124,1010,2.0017716884613037,2021.789306640625,12.122772216796875,2.125,1.859375,1.859375,0.125,2384.8603515625,885,125,0,0,125,-0.001180035644210875,42.20228958129883,1.3857018947601318,8.471349428873509e-05,0.0005020080134272575
125,1034,1.8260276317596436,1888.112548828125,12.385880470275879,2.015625,1.78125,1.78125,0.078125,2453.77294921875,918,116,0,0,116,-0.06636021286249161,41.91727828979492,1.3871098756790161,0.0003208872803952545,0.0011393228778615594
126,1007,1.8331714868545532,1846.003662109375,12.263157844543457,1.953125,1.75,1.75,0.078125,2396.026123046875,889,118,0,0,118,-0.0002430570311844349,37.0886116027832,1.393646001815796,0.00026022744714282453,0.0
127,981,2.2350709438323975,2192.604736328125,11.729867935180664,2.1875,1.96875,1.96875,0.15625,2323.1611328125,850,131,0,0,131,-0.00031889742240309715,44.88903045654297,1.3658506870269775,6.939958257135004e-05,0.0
128,1060,1.8181546926498413,1927.243896484375,11.95660400390625,1.984375,1.78125,1.78125,0.109375,2460.61962890625,943,117,0,0,117,0.02700437605381012,36.7714729309082,1.390999436378479,5.2913077524863183e-05,0.0
129,1009,1.7303671836853027,1745.9404296875,12.509415626525879,2.015625,1.671875,1.671875,0.046875,2392.735107421875,894,115,0,0,115,-0.00047417194582521915,31.881418228149414,1.3934156894683838,6.483247852884233e-05,0.0
130,1040,1.7701232433319092,1840.92822265625,12.28365421295166,2.0625,1.734375,1.734375,0.09375,2496.26220703125,921,119,0,0,119,-0.01879381760954857,38.76877975463867,1.390768051147461,0.0011956858215853572,0.015462239272892475
131,1004,1.9952183961868286,2003.19921875,12.467131614685059,2.09375,1.84375,1.84375,0.09375,2510.376953125,884,120,0,0,120,-0.0007347998325712979,37.67733383178711,1.3800710439682007,5.835916817886755e-05,0.0
132,1042,1.652040958404541,1721.4267578125,12.154510498046875,1.875,1.6875,1.6875,0.0,2418.056640625,929,113,0,0,113,0.02055956795811653,29.827713012695312,1.3743624687194824,0.0005201397580094635,0.0064199939370155334
133,1006,1.8666160106658936,1877.8157958984375,12.616302490234375,2.015625,1.78125,1.78125,0.0625,2438.32470703125,889,117,0,0,117,-1.7178244888782501e-06,37.469810485839844,1.3952335119247437,0.00010853791172849014,0.0
134,1041,1.9131760597229004,1991.6163330078125,12.070124626159668,2.046875,1.828125,1.828125,0.125,2427.931640625,920,121,0,0,121,-0.028814703226089478,41.74386215209961,1.3821290731430054,0.0001693117228569463,0.00048828125
135,1089,1.7247471809387207,1878.249755859375,12.100091934204102,2.09375,1.75,1.75,0.109375,2513.009765625,969,120,0,0,120,0.01601848565042019,38.34109878540039,1.3795661926269531,0.0002104497980326414,0.00048828125
136,1023,1.7482284307479858,1788.437744140625,12.056695938110352,1.984375,1.71875,1.71875,0.046875,2366.546875,909,114,0,0,114,-0.0009633875451982021,33.2219123840332,1.3857412338256836,0.00021584684145636857,0.0004892367869615555
137,1006,1.9926549196243286,2004.6109619140625,12.109343528747559,2.078125,1.84375,1.84375,0.109375,2427.65673828125,884,122,0,0,122,-0.0008699310710653663,41.56296920776367,1.3830699920654297,0.00021863236906938255,0.0010121457744389772
138,1024,1.8085436820983887,1851.94873046875,12.541015625,2.09375,1.75,1.75,0.078125,2497.3271484375,907,117,0,0,117,-0.0007738666608929634,35.441532135009766,1.4079362154006958,0.00018552916299086064,0.00048828125
139,967,2.108234167098999,2038.662353515625,12.263702392578125,2.046875,1.890625,1.890625,0.09375,2326.1552734375,842,125,0,0,125,-0.00022452720440924168,40.12733840942383,1.3814014196395874,0.0002156714617740363,0.001587182399816811
140,957,2.086855411529541,1997.12060546875,12.559039115905762,2.265625,1.859375,1.859375,0.0625,2297.95263671875,832,125,0,0,125,-0.0023992073256522417,38.983131408691406,1.3825898170471191,0.00010476366151124239,0.0
141,1105,1.498366355895996,1655.69482421875,11.710407257080078,1.875,1.578125,1.578125,0.09375,2484.111328125,997,108,0,0,108,-0.0014707014197483659,33.99676513671875,1.4168065786361694,0.00029201339930295944,0.0
142,1002,1.8386963605880737,1842.373779296875,12.114770889282227,2.0625,1.75,1.75,0.0625,2363.21484375,883,119,0,0,119,-0.0013829898089170456,34.93681335449219,1.3926135301589966,9.515379497315735e-05,0.0
143,1008,1.8298777341842651,1844.5166015625,12.46329402923584,1.921875,1.75,1.75,0.078125,2422.739990234375,893,115,0,0,115,-0.0005460302345454693,35.28434753417969,1.402959942817688,5.348948616301641e-05,0.0
144,1051,1.7530156373977661,1842.41943359375,12.08372974395752,1.984375,1.765625,1.765625,0.03125,2521.843505859375,935,116,0,0,116,-0.013275680132210255,32.51681900024414,1.3944005966186523,0.000144841949804686,0.00032552084303461015
145,987,1.8407145738601685,1816.78515625,12.438703536987305,1.953125,1.734375,1.734375,0.046875,2384.6455078125,874,113,0,0,113,-0.0012054466642439365,36.03606414794922,1.4040095806121826,0.000106889805465471,0.0002631578827276826
146,963,2.033128499984741,1957.902587890625,12.770508766174316,2.0625,1.828125,1.828125,0.078125,2338.67578125,841,122,0,0,122,0.0001730422955006361,39.734344482421875,1.3930786848068237,0.00010140881931874901,0.0
147,1030,1.7753095626831055,1828.56884765625,12.193203926086426,1.9375,1.734375,1.734375,0.09375,2425.458251953125,914,116,0,0,116,-0.020560966804623604,33.010902404785156,1.3862485885620117,0.00034879593295045197,0.0016276041278615594
148,982,2.127681255340576,2089.3828125,12.473523139953613,2.234375,1.90625,1.90625,0.109375,2363.67578125,851,131,0,0,131,-0.0014471675967797637,44.437191009521484,1.3677260875701904,1.91867547982838e-05,0.0
149,986,2.1551811695098877,2125.0087890625,12.200811386108398,2.125,1.90625,1.90625,0.171875,2344.213623046875,861,125,0,0,125,-0.0021519819274544716,43.61177062988281,1.3757508993148804,0.00014009836013428867,0.0005274261347949505
150,1051,1.7972886562347412,1888.950439453125,12.070408821105957,2.03125,1.765625,1.765625,0.09375,2445.3408203125,936,115,0,0,115,-0.02687268890440464,38.10424041748047,1.3940505981445312,0.000390636851079762,0.006335599813610315
151,955,2.0108113288879395,1920.32470703125,12.592670440673828,2.0,1.78125,1.78125,0.125,2308.576904296875,838,117,0,0,117,-0.0012632504804059863,40.93693542480469,1.3931841850280762,0.000609863898716867,0.005339129827916622
152,998,2.066066026687622,2061.933837890625,12.055109977722168,2.0625,1.890625,1.890625,0.125,2392.386474609375,876,122,0,0,122,0.0003747898153960705,41.79962921142578,1.4009348154067993,0.00022329992498271167,0.0
153,1018,1.8496659994125366,1882.9599609375,12.356581687927246,2.046875,1.75,1.75,0.09375,2445.8369140625,902,116,0,0,116,-0.0006512138061225414,37.92695236206055,1.4131748676300049,0.00032632556394673884,0.0007411067490465939
154,1034,1.8409708738327026,1903.5638427734375,12.149903297424316,2.015625,1.75,1.75,0.125,2425.197265625,918,116,0,0,116,0.018279002979397774,36.26215744018555,1.4198389053344727,0.0008024759590625763,0.00963541679084301
155,990,1.8298407793045044,1811.542236328125,12.411110877990723,1.90625,1.75,1.75,0.03125,2319.913818359375,877,113,0,0,113,-0.0003563726495485753,33.72739028930664,1.4056169986724854,8.547066681785509e-05,0.0
156,990,1.9768937826156616,1957.124755859375,12.279797554016113,1.953125,1.828125,1.828125,0.078125,2402.33740234375,871,119,0,0,119,0.0006101052276790142,38.029754638671875,1.3951759338378906,9.578138997312635e-05,0.0
157,1056,1.793853998184204,1894.309814453125,11.730113983154297,1.953125,1.765625,1.765625,0.09375,2464.0595703125,941,115,0,0,115,0.03871992602944374,36.30563735961914,1.394086480140686,0.00013431622937787324,0.0
158,988,2.006181240081787,1982.10693359375,12.527327537536621,2.109375,1.828125,1.828125,0.125,2401.401123046875,863,125,0,0,125,-0.001000999822281301,41.11621856689453,1.376924991607666,8.306262316182256e-05,0.0
159,1018,2.011469602584839,2047.6759033203125,12.313359260559082,2.109375,1.875,1.875,0.125,2483.117919921875,894,124,0,0,124,-0.0012661605142056942,42.243812561035156,1.3819482326507568,0.00017181408475153148,0.00048828125
160,976,1.8615667819976807,1816.8892822265625,12.485655784606934,1.984375,1.734375,1.734375,0.0625,2337.98388671875,861,115,0,0,115,-0.0003628828562796116,37.3348388671875,1.386734962463379,7.014950824668631e-05,0.0
161,998,1.9695872068405151,1965.64794921875,12.32264518737793,2.03125,1.796875,1.796875,0.125,2377.50390625,879,119,0,0,119,8.00909474492073e-05,41.08882522583008,1.380659818649292,2.3060314561007544e-05,0.0
162,1024,1.807247281074524,1850.6212158203125,12.2421875,2.078125,1.71875,1.71875,0.109375,2428.185791015625,907,117,0,0,117,-0.00023639551363885403,38.467018127441406,1.3917291164398193,3.607351391110569e-05,0.0
163,1024,1.729034423828125,1770.53125,12.138671875,1.96875,1.6875,1.6875,0.078125,2423.50244140625,912,112,0,0,112,-0.0010244599543511868,33.59379577636719,1.3990883827209473,0.00011930364416912198,0.00048828125
164,1003,1.8336560726165771,1839.156982421875,12.332003593444824,2.078125,1.75,1.75,0.0625,2404.00537109375,885,118,0,0,118,-0.0015348810702562332,35.94843292236328,1.3879283666610718,0.000294207944534719,0.0007533056195825338
165,1108,1.6249816417694092,1800.4796142578125,11.529783248901367,1.953125,1.671875,1.671875,0.09375,2524.98095703125,996,112,0,0,112,-0.0030957860872149467,34.858421325683594,1.4191088676452637,0.00033870330662466586,0.00048828125
166,1001,2.0622341632843018,2064.29638671875,12.051947593688965,2.203125,1.875,1.875,0.09375,2359.184326171875,876,125,0,0,125,-0.00020840996876358986,40.90544128417969,1.379881501197815,0.00013649309403263032,0.000244140625
167,1048,1.9754177331924438,2070.23779296875,12.019083976745605,2.046875,1.875,1.875,0.15625,2512.38671875,924,124,0,0,124,-0.03607616946101189,43.404659271240234,1.3726152181625366,0.000107187544927001,0.00016276042151730508
168,1089,1.6625298261642456,1810.4949951171875,12.071625709533691,1.96875,1.703125,1.703125,0.09375,2525.78369140625,975,114,0,0,114,0.006098779384046793,34.13024139404297,1.4138388633728027,0.00010674816439859569,0.0
169,956,2.068539619445801,1977.52392578125,12.407949447631836,2.15625,1.8125,1.8125,0.125,2318.954345703125,838,118,0,0,118,-0.0020271912217140198,43.995479583740234,1.3763408660888672,8.751344284974039e-05,0.0
170,1015,1.8037728071212769,1830.829345703125,12.349753379821777,2.015625,1.75,1.75,0.046875,2439.026123046875,898,117,0,0,117,-0.0025258464738726616,34.89060592651367,1.381540298461914,0.00041868287371471524,0.003954301588237286
171,988,1.912522554397583,1889.572265625,12.307692527770996,1.953125,1.78125,1.78125,0.09375,2373.561767578125,874,114,0,0,114,0.00012330478057265282,38.48167037963867,1.3828742504119873,0.00018096782150678337,0.0
172,962,2.0745441913604736,1995.71142578125,12.32016658782959,2.09375,1.859375,1.859375,0.078125,2328.71875,839,123,0,0,123,-0.0006269160658121109,37.955528259277344,1.3719249963760376,0.0001675705425441265,0.0
173,936,2.2891573905944824,2142.651123046875,12.36111068725586,2.234375,1.9375,1.9375,0.140625,2273.49560546875,809,127,0,0,127,-0.002245652489364147,44.78934097290039,1.3524640798568726,0.00021278121857903898,0.001372715225443244
174,1010,1.7515292167663574,1769.04443359375,12.702970504760742,2.0,1.71875,1.71875,0.015625,2450.23193359375,894,116,0,0,116,-0.00039758416824042797,36.19641876220703,1.3939193487167358,0.00033157633151859045,0.0017295745201408863
175,975,1.8270567655563354,1781.38037109375,12.609230995178223,1.953125,1.703125,1.703125,0.046875,2363.56982421875,863,112,0,0,112,-0.0004981087986379862,35.2110595703125,1.3998349905014038,0.00013712454529013485,0.0
176,1016,1.8774986267089844,1907.53857421875,12.388779640197754,2.015625,1.8125,1.8125,0.046875,2423.887451171875,897,119,0,0,119,9.383587166666985e-05,37.49808120727539,1.3939926624298096,0.0001277808187296614,0.0
177,999,1.8582607507705688,1856.4024658203125,12.597597122192383,1.921875,1.75,1.75,0.078125,2416.796142578125,884,115,0,0,115,0.00020560109987854958,35.05726623535156,1.394248127937317,3.666758493636735e-05,0.0
178,1022,1.597169280052185,1632.3070068359375,12.332680702209473,1.828125,1.59375,1.59375,0.03125,2411.82080078125,913,109,0,0,109,-4.451884888112545e-05,31.47308349609375,1.4154064655303955,0.00011435828491812572,0.0
179,1051,1.8619139194488525,1956.87158203125,12.113225936889648,2.046875,1.8125,1.8125,0.109375,2441.22412109375,929,122,0,0,122,-0.02011500671505928,43.079437255859375,1.3975625038146973,4.153720146859996e-05,0.0
180,961,2.2557120323181152,2167.7392578125,12.519250869750977,2.21875,1.953125,1.953125,0.140625,2330.16796875,828,133,0,0,133,-0.0005959393456578255,45.03324508666992,1.3622275590896606,5.131008947500959e-05,0.0
181,1013,1.7640076875686646,1786.939697265625,12.167818069458008,1.90625,1.6875,1.6875,0.09375,2444.779296875,902,111,0,0,111,-0.0008954531513154507,37.14037322998047,1.409319519996643,6.187334656715393e-05,0.0
182,981,1.8525382280349731,1817.340087890625,12.7339448928833,2.0625,1.75,1.75,0.03125,2361.4638671875,861,120,0,0,120,-0.0005804381798952818,33.504093170166016,1.3955388069152832,7.180554530350491e-05,0.0
183,946,2.1069419384002686,1993.1669921875,12.288583755493164,2.125,1.859375,1.859375,0.078125,2300.35986328125,823,123,0,0,123,0.0022550944704562426,38.58758544921875,1.3823115825653076,4.960325895808637e-05,0.0
184,971,2.0595054626464844,1999.77978515625,12.82080364227295,2.140625,1.859375,1.859375,0.09375,2384.36279296875,847,124,0,0,124,-0.0008741792989894748,40.41268539428711,1.3906588554382324,0.00012464256724342704,0.00027233114815317094
185,982,2.1384897232055664,2099.996826171875,12.184317588806152,2.09375,1.890625,1.890625,0.15625,2343.58154296875,856,126,0,0,126,-0.0007989383302628994,43.244285583496094,1.3916956186294556,6.851938815088943e-05,0.0
186,1008,1.7340478897094727,1747.920166015625,12.532737731933594,2.015625,1.6875,1.6875,0.03125,2443.75634765625,892,116,0,0,116,-0.0006074688863009214,33.34560775756836,1.4173922538757324,5.825037806062028e-05,0.0
187,988,2.0472049713134766,2022.638427734375,12.26214599609375,2.1875,1.859375,1.859375,0.09375,2377.0107421875,864,124,0,0,124,-0.00021795881912112236,42.043434143066406,1.3947819471359253,0.00015647109830752015,0.0
188,993,1.9399746656417847,1926.3948974609375,12.288016319274902,2.0625,1.796875,1.796875,0.09375,2416.40087890625,875,118,0,0,118,-0.00080831692321226,36.97046661376953,1.4029613733291626,8.117298420984298e-05,0.0
189,1035,1.9688719511032104,2037.782470703125,12.14299488067627,2.09375,1.859375,1.859375,0.140625,2488.662353515625,913,122,0,0,122,0.08566641807556152,44.39633560180664,1.410788655281067,0.0005928216851316392,0.009528882801532745
190,975,1.9310823678970337,1882.805419921875,12.45025634765625,2.0,1.78125,1.78125,0.0625,2385.700927734375,859,116,0,0,116,-0.0004766155034303665,39.1489143371582,1.4087177515029907,5.2581948693841696e-05,0.0
191,1058,1.7300317287445068,1830.37353515625,12.169187545776367,1.9375,1.71875,1.71875,0.109375,2467.367919921875,943,115,0,0,115,-0.02345237135887146,35.641357421875,1.4177336692810059,0.0009624366648495197,0.010263480246067047
192,1044,1.650328278541565,1722.9427490234375,12.49808406829834,1.9375,1.6875,1.6875,0.015625,2497.02001953125,933,111,0,0,111,0.005120629444718361,32.640262603759766,1.4335395097732544,0.0009723688126541674,0.01624348945915699
193,1006,1.9024800062179565,1913.89501953125,11.908548355102539,1.96875,1.796875,1.796875,0.078125,2390.36376953125,890,116,0,0,116,-0.0008657665457576513,37.1273193359375,1.4017460346221924,6.226886034710333e-05,0.0
194,1059,1.7553781270980835,1858.9454345703125,12.000944137573242,1.96875,1.71875,1.71875,0.125,2445.0751953125,945,114,0,0,114,-0.0422220416367054,36.76602554321289,1.4104799032211304,0.0002494643849786371,0.00048828125
195,1021,1.9871820211410522,2028.912841796875,12.329089164733887,2.0625,1.890625,1.890625,0.0625,2495.45751953125,899,122,0,0,122,-0.000322539359331131,38.47441101074219,1.394455075263977,6.439131539082155e-05,0.0
196,1052,1.738310694694519,1828.702880859375,12.139734268188477,1.96875,1.734375,1.734375,0.09375,2484.52197265625,939,113,0,0,113,-0.023872507736086845,36.70003890991211,1.3997901678085327,0.00010066096001537517,0.0
197,964,2.15120530128479,2073.76171875,12.440871238708496,2.125,1.90625,1.90625,0.09375,2383.4169921875,839,125,0,0,125,-0.00122440280392766,40.863616943359375,1.3847854137420654,6.776601367164403e-05,0.0
198,1047,1.7538706064224243,1836.302490234375,12.042024612426758,1.921875,1.71875,1.71875,0.09375,2515.75830078125,932,115,0,0,115,-0.03974903002381325,36.96528244018555,1.4142411947250366,0.0001480809150962159,0.0
199,978,1.9750052690505981,1931.55517578125,12.482617378234863,2.0,1.796875,1.796875,0.09375,2372.66943359375,858,120,0,0,120,-0.000980171374976635,38.50394821166992,1.393475890159607,0.00036626565270125866,0.0031224852427840233
200,1011,1.8565586805343628,1876.98095703125,12.335311889648438,2.109375,1.765625,1.765625,0.078125,2394.843017578125,893,118,0,0,118,-0.0018083490431308746,34.94069290161133,1.396350622177124,0.0007576287025585771,0.008202929049730301
1,959,0.8245068192481995,790.7020263671875,17.833160400390625,1.59375,0.75,0.75,0.0,2849.062255859375,897,62,0,0,62,-0.012003077194094658,16.740022659301758,1.6653374433517456,0.00036560968146659434,0.003284701844677329
2,960,0.8692585229873657,834.4881591796875,17.9375,1.5625,0.75,0.75,0.03125,2890.0078125,898,62,0,0,62,-0.007006136700510979,19.7982177734375,1.6642513275146484,0.0004208441241644323,0.0023367744870483875
3,984,0.8189339637756348,805.8310546875,17.26930809020996,1.53125,0.765625,0.765625,0.0,2855.78662109375,922,62,0,0,62,-0.011307543143630028,15.410511016845703,1.6496222019195557,0.0006287526339292526,0.006782143842428923
4,945,0.9502401947975159,897.9769897460938,17.938623428344727,1.453125,0.859375,0.859375,0.0,2863.3876953125,878,67,0,0,67,-0.014931149780750275,19.348400115966797,1.6274020671844482,0.0013934298185631633,0.02209162712097168
5,878,1.1603751182556152,1018.809326171875,18.449886322021484,1.421875,1.03125,1.03125,0.0,2750.482421875,806,72,0,0,72,-0.00773607799783349,21.93281364440918,1.5920207500457764,0.0018986482173204422,0.03723745048046112
6,908,1.032455325126648,937.4694213867188,17.69162940979004,1.328125,0.984375,0.984375,0.0,2732.781982421875,835,73,0,0,73,-0.010317712090909481,19.644392013549805,1.5605212450027466,0.001417898922227323,0.021856751292943954
7,889,1.1978020668029785,1064.845947265625,17.758155822753906,1.390625,1.078125,1.078125,0.0,2752.3935546875,814,75,0,0,75,-0.0033320337533950806,21.250661849975586,1.5211942195892334,0.0013787186471745372,0.018491871654987335
8,825,1.5120033025741577,1247.4027099609375,17.997575759887695,1.59375,1.234375,1.234375,0.015625,2573.0556640625,743,82,0,0,82,-0.00458249868825078,27.34234046936035,1.4825961589813232,0.0012051686644554138,0.013912895694375038
9,846,1.6688376665115356,1411.836669921875,17.02836799621582,1.53125,1.34375,1.34375,0.09375,2595.66015625,757,89,0,0,89,-0.000549148884601891,34.49208068847656,1.473309874534607,0.0004934195894747972,0.004458855837583542
10,838,1.4280519485473633,1196.70751953125,17.298330307006836,1.40625,1.1875,1.1875,0.03125,2588.93896484375,759,79,0,0,79,-0.003245560685172677,26.091270446777344,1.4666951894760132,0.0004382889892440289,0.0039392015896737576
11,810,1.8654907941818237,1511.0474853515625,17.17037010192871,1.578125,1.40625,1.40625,0.078125,2450.39404296875,715,95,0,0,95,-0.0062976437620818615,37.987548828125,1.4292792081832886,0.00012535345740616322,0.0008389261784031987
12,793,1.8238532543182373,1446.315673828125,17.721311569213867,1.65625,1.40625,1.40625,0.03125,2464.359375,697,96,0,0,96,0.00411944929510355,35.085365295410156,1.4281413555145264,4.520444053923711e-05,0.0
13,873,1.3931218385696411,1216.1953125,17.159221649169922,1.421875,1.203125,1.203125,0.03125,2614.337890625,791,82,0,0,82,-0.003917207010090351,29.58272933959961,1.459653615951538,6.379239493981004e-05,0.0
14,803,1.9486985206604004,1564.804931640625,17.109588623046875,1.6875,1.515625,1.515625,0.03125,2489.8359375,701,102,0,0,102,-0.001149886753410101,38.20119857788086,1.4110815525054932,8.099792466964573e-05,0.0
15,878,1.4005519151687622,1229.6845703125,16.594533920288086,1.453125,1.203125,1.203125,0.046875,2639.820556640625,794,84,0,0,84,-0.003154366509988904,29.747068405151367,1.4532545804977417,0.00011856557102873921,0.0
16,871,1.5570183992385864,1356.1630859375,16.638347625732422,1.53125,1.328125,1.328125,0.046875,2612.663330078125,785,86,0,0,86,0.003079737536609173,30.516172409057617,1.449641227722168,4.696395626524463e-05,0.0
17,825,1.581410527229309,1304.6636962890625,17.28363609313965,1.453125,1.3125,1.3125,0.03125,2534.566162109375,740,85,0,0,85,-0.009020782075822353,29.095895767211914,1.4348793029785156,6.131152622401714e-05,0.000244140625
18,846,1.5289404392242432,1293.483642578125,17.049644470214844,1.421875,1.265625,1.265625,0.0625,2577.27197265625,760,86,0,0,86,-0.0030774136539548635,29.805519104003906,1.4323844909667969,0.0006023574387654662,0.0038565448485314846
19,806,1.7749578952789307,1430.6160888671875,17.55086898803711,1.546875,1.40625,1.40625,0.046875,2480.005859375,712,94,0,0,94,-0.00048601883463561535,33.361419677734375,1.411942720413208,0.0002973675145767629,0.0
20,869,1.5338257551193237,1332.89453125,17.286537170410156,1.390625,1.28125,1.28125,0.046875,2650.75390625,784,85,0,0,85,0.0013526631519198418,32.35896301269531,1.4290870428085327,0.00016479540499858558,0.0
21,833,1.6991146802902222,1415.362548828125,17.176469802856445,1.515625,1.34375,1.34375,0.078125,2518.88671875,744,89,0,0,89,-0.004824098199605942,31.876535415649414,1.3961825370788574,0.0008329031406901777,0.005213657394051552
22,808,2.0457680225372314,1652.9805908203125,16.559406280517578,1.78125,1.53125,1.53125,0.09375,2446.904052734375,705,103,0,0,103,-0.0014381614746525884,39.08100509643555,1.3494863510131836,0.0005691016558557749,0.004176784306764603
23,844,1.7778092622756958,1500.470947265625,16.61848258972168,1.53125,1.453125,1.453125,0.046875,2524.5283203125,749,95,0,0,95,0.0013543078675866127,34.017486572265625,1.3542981147766113,0.0005892978515475988,0.003235598560422659
24,889,1.2742222547531128,1132.7835693359375,16.760404586791992,1.296875,1.15625,1.15625,0.0,2592.892578125,814,75,0,0,75,-0.0006131711415946484,23.4351806640625,1.3886828422546387,0.00012734650226775557,0.0
25,956,1.2721707820892334,1216.1953125,16.218618392944336,1.359375,1.25,1.25,0.0,2718.506591796875,872,84,0,0,84,-0.002450427506119013,27.358692169189453,1.3713518381118774,0.00043507158989086747,0.0026283608749508858
26,868,1.6077121496200562,1395.494140625,16.445852279663086,1.5625,1.375,1.375,0.03125,2629.904296875,773,95,0,0,95,0.002540416084229946,31.485963821411133,1.3461757898330688,0.00026768413954414427,0.0012975113932043314
27,852,1.6043747663497925,1366.92724609375,16.9847412109375,1.5,1.328125,1.328125,0.03125,2548.2900390625,766,86,0,0,86,0.000513179344125092,32.807464599609375,1.3609305620193481,0.0004337228019721806,0.0022030100226402283
28,863,1.338642954826355,1155.2489013671875,17.100811004638672,1.359375,1.171875,1.171875,0.015625,2617.129638671875,783,80,0,0,80,-0.004037829115986824,24.358623504638672,1.3529706001281738,0.0008037478546611965,0.006226629018783569
29,875,1.7382936477661133,1521.0069580078125,16.211427688598633,1.53125,1.40625,1.40625,0.109375,2604.531982421875,781,94,0,0,94,0.0018015204695984721,39.66027069091797,1.3231828212738037,0.0009503635810688138,0.010248525999486446
30,858,1.6697696447372437,1432.662353515625,17.06643295288086,1.625,1.421875,1.421875,0.03125,2638.6640625,761,97,0,0,97,-0.0031796679832041264,33.4133415222168,1.3143057823181152,0.00019796169362962246,0.0003612716682255268
31,913,1.4417833089828491,1316.34814453125,16.03723907470703,1.390625,1.296875,1.296875,0.046875,2622.297607421875,826,87,0,0,87,-0.0015330519527196884,28.80089569091797,1.3154406547546387,0.00013949855929240584,0.0
32,839,1.6674165725708008,1398.9625244140625,16.707984924316406,1.46875,1.359375,1.359375,0.03125,2498.048583984375,750,89,0,0,89,0.004590084310621023,31.512836456298828,1.3137620687484741,8.113909279927611e-05,0.0
33,896,1.3873724937438965,1243.085693359375,16.3828125,1.390625,1.234375,1.234375,0.0,2660.71337890625,813,83,0,0,83,-0.0019648701418191195,27.394052505493164,1.331945776939392,0.0012046056799590588,0.01228841207921505
34,827,1.6521464586257935,1366.3250732421875,17.158403396606445,1.484375,1.328125,1.328125,0.046875,2516.927734375,738,89,0,0,89,0.0015028766356408596,30.918336868286133,1.2844667434692383,0.0007761669112369418,0.00610429048538208
35,903,1.5777870416641235,1424.74169921875,16.30010986328125,1.578125,1.375,1.375,0.046875,2642.8037109375,812,91,0,0,91,0.003947170451283455,32.183109283447266,1.3002268075942993,0.0005883596604689956,0.004754810594022274
36,909,1.4932167530059814,1357.333984375,16.030803680419922,1.453125,1.328125,1.328125,0.015625,2673.6416015625,822,87,0,0,87,-0.000881212530657649,29.040361404418945,1.2847567796707153,0.0004736894625239074,0.0017477270448580384
37,893,1.4932868480682373,1333.505126953125,16.21724510192871,1.4375,1.34375,1.34375,0.0,2630.478515625,805,88,0,0,88,-0.003023051656782627,28.963491439819336,1.2994118928909302,0.0018442881992086768,0.01929543912410736
38,911,1.3197599649429321,1202.30126953125,16.288694381713867,1.46875,1.203125,1.203125,0.015625,2671.943115234375,830,81,0,0,81,-0.0019357679411768913,25.86478042602539,1.3509145975112915,0.0011304228100925684,0.012263324111700058
39,827,1.8958890438079834,1567.900146484375,16.77509117126465,1.671875,1.484375,1.484375,0.0625,2494.799560546875,729,98,0,0,98,-0.005078242626041174,41.85407257080078,1.2818467617034912,0.0014354109298437834,0.01349051296710968
40,858,1.5766798257827759,1352.791259765625,16.74825096130371,1.46875,1.328125,1.328125,0.046875,2593.29052734375,770,88,0,0,88,-0.005242045968770981,31.632055282592773,1.3076072931289673,0.0006356894737109542,0.006044244393706322
41,877,1.556990146636963,1365.4803466796875,16.3078670501709,1.484375,1.328125,1.328125,0.046875,2629.18505859375,790,87,0,0,87,-0.00951930321753025,31.790050506591797,1.2975494861602783,0.00040394108509644866,0.002003959845751524
42,880,1.5995066165924072,1407.56591796875,16.153409957885742,1.46875,1.328125,1.328125,0.078125,2581.55712890625,793,87,0,0,87,0.0011218080762773752,32.96954345703125,1.2894666194915771,0.0009355169022455812,0.008024796843528748
43,870,1.5614516735076904,1358.4630126953125,16.658620834350586,1.578125,1.34375,1.34375,0.015625,2628.283203125,779,91,0,0,91,0.002138866111636162,28.423593521118164,1.2806435823440552,0.0006518807495012879,0.005793907213956118
44,890,1.4641064405441284,1303.0546875,16.039325714111328,1.421875,1.265625,1.265625,0.03125,2607.01708984375,807,83,0,0,83,-0.006517462432384491,28.61172103881836,1.2557464838027954,0.0017303440254181623,0.015622416511178017
45,900,1.6845377683639526,1516.083984375,15.764444351196289,1.625,1.453125,1.453125,0.03125,2660.62841796875,804,96,0,0,96,0.002637418918311596,36.06586456298828,1.249036192893982,0.0005475240759551525,0.0052628666162490845
46,923,1.4169340133666992,1307.830078125,15.716142654418945,1.5,1.28125,1.28125,0.0,2647.4013671875,833,90,0,0,90,3.28061287291348e-05,25.915325164794922,1.249496579170227,0.00015919882571324706,0.0006082725012674928
47,935,1.3030506372451782,1218.352294921875,15.952940940856934,1.5,1.1875,1.1875,0.015625,2674.600341796875,852,83,0,0,83,-0.0015889210626482964,24.455036163330078,1.2698757648468018,0.0010638756211847067,0.009276766330003738
48,888,1.7812994718551636,1581.7939453125,15.881756782531738,1.640625,1.5,1.5,0.078125,2593.436279296875,789,99,0,0,99,-0.0016873213462531567,40.52906036376953,1.2489076852798462,0.0008053319761529565,0.008337141945958138
49,941,1.440632700920105,1355.6353759765625,15.201912879943848,1.515625,1.3125,1.3125,0.03125,2637.26171875,851,90,0,0,90,-0.0022617769427597523,30.388519287109375,1.2757319211959839,0.00014671632379759103,0.00029137529782019556
50,830,1.9634751081466675,1629.684326171875,16.424097061157227,1.71875,1.5625,1.5625,0.046875,2535.642578125,728,102,0,0,102,-0.0037301001138985157,37.24061584472656,1.2478961944580078,0.00048102420987561345,0.003186111804097891
51,877,1.6471244096755981,1444.5281982421875,15.770809173583984,1.59375,1.40625,1.40625,0.046875,2579.58935546875,785,92,0,0,92,-0.0037263361737132072,31.373210906982422,1.2513256072998047,0.00047072459710761905,0.002787216566503048
52,861,1.7658052444458008,1520.3583984375,16.005807876586914,1.59375,1.5,1.5,0.03125,2570.746337890625,762,99,0,0,99,-0.010952773503959179,33.160152435302734,1.2374646663665771,0.0014483167324215174,0.01632804051041603
53,929,1.3673782348632812,1270.29443359375,15.590957641601562,1.40625,1.28125,1.28125,0.046875,2671.58837890625,845,84,0,0,84,0.0004122070677112788,27.685333251953125,1.2711176872253418,0.0010969756403937936,0.010890311561524868
54,942,1.4291596412658691,1346.268310546875,15.398089408874512,1.59375,1.34375,1.34375,0.015625,2618.1357421875,851,91,0,0,91,-0.006288710981607437,29.499492645263672,1.2549562454223633,0.0007202051347121596,0.005197356455028057
55,869,1.5462732315063477,1343.71142578125,16.32221031188965,1.4375,1.34375,1.34375,0.0,2589.134521484375,781,88,0,0,88,-0.00763633381575346,28.198421478271484,1.2316951751708984,0.001581415068358183,0.013148032128810883
56,911,1.569739818572998,1430.032958984375,15.777168273925781,1.625,1.390625,1.390625,0.046875,2657.96142578125,816,95,0,0,95,-0.000513915903866291,30.431087493896484,1.2092740535736084,0.0009899461874738336,0.009439492598176003
57,895,1.6699081659317017,1494.56787109375,15.383240699768066,1.703125,1.46875,1.46875,0.03125,2581.65576171875,796,99,0,0,99,-0.006603935267776251,30.87997817993164,1.2090904712677002,0.0019437532173469663,0.01483839564025402
58,912,1.5357704162597656,1400.62255859375,15.69298267364502,1.5,1.328125,1.328125,0.09375,2584.509521484375,825,87,0,0,87,-9.427312761545181e-06,33.832027435302734,1.2071582078933716,0.0006072941469028592,0.0037207030691206455
59,916,1.3154441118240356,1204.94677734375,16.0393009185791,1.375,1.203125,1.203125,0.015625,2653.48193359375,836,80,0,0,80,-0.007479176856577396,25.968128204345703,1.2208597660064697,0.0017920706886798143,0.015646755695343018
60,938,1.3554645776748657,1271.42578125,15.682302474975586,1.421875,1.21875,1.21875,0.078125,2678.428955078125,856,82,0,0,82,-0.006778218783438206,29.24140739440918,1.2266018390655518,0.004004380665719509,0.03914846479892731
61,928,1.4600820541381836,1354.9561767578125,15.632543563842773,1.484375,1.3125,1.3125,0.046875,2653.96875,839,89,0,0,89,-0.002559928223490715,29.591686248779297,1.2185449600219727,0.002491667866706848,0.026123046875
62,861,1.8034063577651978,1552.73291015625,16.051103591918945,1.6875,1.484375,1.484375,0.046875,2538.169677734375,764,97,0,0,97,-0.0023706224747002125,31.50766944885254,1.1956928968429565,0.0013601139653474092,0.014813529327511787
63,892,1.4969013929367065,1335.2359619140625,15.95291519165039,1.5,1.3125,1.3125,0.046875,2564.37109375,802,90,0,0,90,0.0020230587106198072,29.598777770996094,1.237758755683899,0.0007342677563428879,0.0069618625566363335
64,813,1.7848042249679565,1451.0458984375,17.03567123413086,1.5625,1.40625,1.40625,0.078125,2502.384765625,718,95,0,0,95,-0.0018927572527900338,33.525577545166016,1.2222042083740234,0.00023636086552869529,0.001318846014328301
65,864,1.6793441772460938,1450.953369140625,16.456018447875977,1.53125,1.375,1.375,0.046875,2549.65087890625,774,90,0,0,90,-0.004320075735449791,33.39058303833008,1.2537682056427002,0.0003656278131529689,0.0023970170877873898
66,885,1.7034523487091064,1507.5552978515625,15.684745788574219,1.609375,1.421875,1.421875,0.078125,2528.924072265625,792,93,0,0,93,0.00010500755161046982,35.851280212402344,1.2232660055160522,0.0005205905763432384,0.0033224071376025677
67,895,1.6020928621292114,1433.8731689453125,16.20111656188965,1.4375,1.375,1.375,0.046875,2597.5625,802,93,0,0,93,-0.0038279504515230656,33.10386657714844,1.2077926397323608,0.0002039884275291115,0.0009791122283786535
68,860,1.802706241607666,1550.327392578125,16.063953399658203,1.65625,1.46875,1.46875,0.0625,2517.05517578125,762,98,0,0,98,0.003684257622808218,33.848209381103516,1.2343112230300903,0.0001637324457988143,0.0
69,879,1.5061814785003662,1323.93359375,16.159271240234375,1.421875,1.296875,1.296875,0.046875,2600.708984375,796,83,0,0,83,0.0017478065565228462,27.507387161254883,1.2543971538543701,0.00012018856796203181,0.0
70,890,1.5104182958602905,1344.272216796875,15.998876571655273,1.5625,1.359375,1.359375,0.015625,2566.265625,799,91,0,0,91,-0.000275498372502625,29.482912063598633,1.2322299480438232,0.00020244435290805995,0.0012362040579319
71,841,1.8314878940582275,1540.2813720703125,16.10344886779785,1.734375,1.46875,1.46875,0.046875,2462.570068359375,742,99,0,0,99,0.004694759845733643,34.431922912597656,1.2327406406402588,0.0004547815478872508,0.0032561977859586477
72,918,1.623457670211792,1490.334228515625,15.566449165344238,1.609375,1.40625,1.40625,0.109375,2621.5751953125,826,92,0,0,92,-0.0038958231452852488,37.02302932739258,1.214213490486145,0.0004810499376617372,0.0036200161557644606
73,899,1.6452667713165283,1479.0948486328125,15.777530670166016,1.546875,1.40625,1.40625,0.09375,2609.105224609375,807,92,0,0,92,-0.0057197860442101955,37.26318359375,1.2150920629501343,0.0008857945213094354,0.008420643396675587
74,843,1.9089542627334595,1609.2484130859375,16.227758407592773,1.6875,1.5,1.5,0.109375,2460.8525390625,740,103,0,0,103,0.0020620760042220354,38.437652587890625,1.1806840896606445,0.00012313705519773066,0.0
75,905,1.6139417886734009,1460.617431640625,15.61657428741455,1.59375,1.421875,1.421875,0.03125,2636.322021484375,813,92,0,0,92,-0.0005918075330555439,31.4173526763916,1.2243162393569946,0.00035224674502387643,0.002419042168185115
76,923,1.531116008758545,1413.2200927734375,15.357529640197754,1.640625,1.40625,1.40625,0.015625,2615.630859375,829,94,0,0,94,-0.0008159878198057413,30.59687042236328,1.2079375982284546,0.00021849237964488566,0.0005482768756337464
77,893,1.649696707725525,1473.1790771484375,16.0,1.546875,1.40625,1.40625,0.0625,2613.4921875,802,91,0,0,91,-0.003365890122950077,35.51741027832031,1.2253727912902832,0.0006088609807193279,0.004501543007791042
78,869,1.6657341718673706,1447.52294921875,16.0,1.609375,1.421875,1.421875,0.046875,2527.2353515625,775,94,0,0,94,-0.0011763125658035278,31.48056983947754,1.2097218036651611,0.00021247498807497323,0.0007002801285125315
79,899,1.3938984870910645,1253.11474609375,16.10233497619629,1.359375,1.25,1.25,0.03125,2610.149169921875,814,85,0,0,85,-0.0037656016647815704,24.220617294311523,1.2274715900421143,0.0008227878133766353,0.007293937727808952
80,939,1.4346280097961426,1347.11572265625,15.250266075134277,1.4375,1.3125,1.3125,0.015625,2662.282470703125,851,88,0,0,88,-0.003961477894335985,27.962892532348633,1.2232872247695923,0.0014888618607074022,0.014690175652503967
81,863,1.6960320472717285,1463.6756591796875,16.28041648864746,1.484375,1.40625,1.40625,0.046875,2535.191162109375,770,93,0,0,93,-0.007625056896358728,31.615150451660156,1.2011892795562744,0.0005012028850615025,0.002513048704713583
82,933,1.3732972145080566,1281.286376953125,15.811361312866211,1.453125,1.28125,1.28125,0.03125,2671.16796875,846,87,0,0,87,-0.0037591676227748394,26.578035354614258,1.2168405055999756,0.000909671769477427,0.008359932340681553
83,806,2.2203540802001953,1789.60546875,16.150123596191406,1.84375,1.65625,1.65625,0.078125,2427.365478515625,697,109,0,0,109,-0.0044364240020513535,40.970577239990234,1.151745080947876,0.0008119542035274208,0.006575188599526882
84,885,1.5834145545959473,1401.3218994140625,16.05310821533203,1.5,1.390625,1.390625,0.0,2620.932861328125,794,91,0,0,91,-0.0019444766221567988,27.622085571289062,1.190576195716858,0.00022779926075600088,0.0008234019041992724
85,950,1.5182336568832397,1442.322021484375,14.872632026672363,1.578125,1.375,1.375,0.078125,2620.93896484375,855,95,0,0,95,-0.0027493536472320557,31.40036392211914,1.1979154348373413,0.0005283466307446361,0.004236229695379734
86,891,1.7304357290267944,1541.818115234375,15.835017204284668,1.625,1.484375,1.484375,0.046875,2594.69091796875,794,97,0,0,97,0.0014892001636326313,33.89683532714844,1.1940886974334717,0.0014598637353628874,0.01568104326725006
87,870,1.6346406936645508,1422.137451171875,16.104597091674805,1.625,1.390625,1.390625,0.03125,2611.329833984375,776,94,0,0,94,-0.0030302461236715317,29.2241268157959,1.1966044902801514,0.0001876936585176736,0.0009424646850675344
88,928,1.6111565828323364,1495.1533203125,14.970905303955078,1.59375,1.453125,1.453125,0.046875,2560.0673828125,833,95,0,0,95,-0.002488184254616499,33.23286437988281,1.2100486755371094,0.0006423078011721373,0.005615234375
89,872,1.6394391059875488,1429.5909423828125,16.177751541137695,1.578125,1.34375,1.34375,0.078125,2530.78076171875,781,91,0,0,91,0.003184451023116708,31.060409545898438,1.19784414768219,0.00028172050951980054,0.000591362826526165
90,906,1.8120613098144531,1641.7275390625,15.458057403564453,1.6875,1.5,1.5,0.109375,2589.97216796875,808,98,0,0,98,0.00042100297287106514,40.131351470947266,1.209069013595581,0.0016063275979831815,0.015596495941281319
91,932,1.4555965662002563,1356.615966796875,15.722103118896484,1.515625,1.328125,1.328125,0.015625,2636.2548828125,843,89,0,0,89,-0.0023309029638767242,28.029184341430664,1.2152384519577026,0.0002649261150509119,0.000244140625
92,911,1.5630987882614136,1423.9830322265625,15.44456672668457,1.546875,1.40625,1.40625,0.03125,2655.36767578125,819,92,0,0,92,0.00017067743465304375,26.71613883972168,1.200435996055603,0.0007522966479882598,0.007665648590773344
93,862,1.8125237226486206,1562.3955078125,16.081207275390625,1.640625,1.5,1.5,0.015625,2520.5966796875,764,98,0,0,98,0.00048568868078291416,36.592472076416016,1.1804687976837158,0.0011724181240424514,0.010334821417927742
94,910,1.4419656991958618,1312.188720703125,15.95604419708252,1.515625,1.328125,1.328125,0.015625,2613.98974609375,823,87,0,0,87,0.0008880854584276676,25.57875633239746,1.1873500347137451,0.00024538085563108325,0.0005582110024988651
95,889,1.5534385442733765,1381.0068359375,15.889763832092285,1.5,1.375,1.375,0.015625,2552.4404296875,797,92,0,0,92,-0.005660681985318661,29.139890670776367,1.1757324934005737,0.0008093358483165503,0.005356199108064175
96,872,1.80177640914917,1571.1490478515625,15.753439903259277,1.703125,1.5,1.5,0.0625,2559.848388671875,773,99,0,0,99,0.0060363286174833775,34.64234161376953,1.181104063987732,0.0010599094675853848,0.0069173178635537624
97,935,1.424006462097168,1331.446044921875,15.58395767211914,1.46875,1.3125,1.3125,0.03125,2679.4853515625,846,89,0,0,89,-0.0032255742698907852,27.58859634399414,1.2074015140533447,0.0010244520381093025,0.009379501454532146
98,890,1.5263203382492065,1358.425048828125,16.010112762451172,1.59375,1.328125,1.328125,0.03125,2574.21435546875,796,94,0,0,94,-0.002719119656831026,29.088058471679688,1.1957299709320068,0.0008813318563625216,0.0076303631067276
99,946,1.3557089567184448,1282.500732421875,15.77484130859375,1.5,1.265625,1.265625,0.0625,2734.412841796875,862,84,0,0,84,-0.0013205369468778372,27.21196937561035,1.1906851530075073,0.000760711613111198,0.004345028195530176
100,876,1.625791072845459,1424.1929931640625,15.819634437561035,1.578125,1.390625,1.390625,0.03125,2562.136474609375,782,94,0,0,94,-0.002838775049895048,28.19706153869629,1.1689677238464355,0.0015924365725368261,0.01581011712551117
101,857,1.642134189605713,1407.3089599609375,16.42007064819336,1.5625,1.40625,1.40625,0.015625,2568.17724609375,765,92,0,0,92,0.0004798290319740772,28.87061309814453,1.1590948104858398,0.0005417449865490198,0.0026699784211814404
102,917,1.6516400575637817,1514.553955078125,15.207197189331055,1.65625,1.46875,1.46875,0.0625,2633.02001953125,818,99,0,0,99,-0.0035167892929166555,32.13652801513672,1.1447503566741943,0.0005403980612754822,0.005104046314954758
103,847,1.9412184953689575,1644.212158203125,16.251476287841797,1.765625,1.546875,1.546875,0.0625,2563.13134765625,744,103,0,0,103,-0.00020984932780265808,36.723236083984375,1.1791133880615234,0.002051619114354253,0.026943650096654892
104,900,1.573377013206482,1416.039306640625,15.65666675567627,1.484375,1.375,1.375,0.078125,2606.214599609375,811,89,0,0,89,-0.002215113490819931,30.529321670532227,1.1454737186431885,0.0004431732522789389,0.0022652223706245422
105,941,1.514402151107788,1425.052490234375,15.273113250732422,1.5,1.375,1.375,0.03125,2658.9814453125,850,91,0,0,91,-0.002078369027003646,28.08220100402832,1.1757423877716064,0.00047751812962815166,0.0032130954787135124
106,865,1.8463053703308105,1597.05419921875,15.885549545288086,1.75,1.5,1.5,0.078125,2554.902099609375,760,105,0,0,105,-0.010231072083115578,36.84621810913086,1.1387224197387695,0.0006407371256500483,0.004456085152924061
107,837,1.8848626613616943,1577.630126953125,16.547191619873047,1.65625,1.515625,1.515625,0.078125,2532.81640625,738,99,0,0,99,0.001282298006117344,32.85129165649414,1.1170927286148071,0.0004653794167097658,0.0032842548098415136
108,925,1.4101216793060303,1304.362548828125,15.718918800354004,1.4375,1.296875,1.296875,0.046875,2623.051513671875,838,87,0,0,87,-0.006000871304422617,27.08036994934082,1.1698334217071533,0.0011917323572561145,0.009412715211510658
109,889,1.7362834215164185,1543.555908203125,15.473566055297852,1.65625,1.484375,1.484375,0.03125,2581.041748046875,788,101,0,0,101,-0.0025977180339396,32.35813903808594,1.1482962369918823,0.0010203837882727385,0.008704876527190208
110,944,1.4282076358795166,1348.22802734375,15.28919506072998,1.5,1.34375,1.34375,0.03125,2616.04443359375,856,88,0,0,88,-0.00039097288390621543,26.747455596923828,1.1575559377670288,0.0007856767042540014,0.0059588393196463585
111,882,1.6485562324523926,1454.026611328125,15.83900260925293,1.546875,1.390625,1.390625,0.046875,2553.474609375,790,92,0,0,92,0.003449909621849656,30.242382049560547,1.141918420791626,0.00024833809584379196,0.000581978471018374
112,853,1.7663527727127075,1506.698974609375,16.21101951599121,1.578125,1.40625,1.40625,0.0625,2536.4072265625,759,94,0,0,94,-0.009801923297345638,31.9078369140625,1.112489104270935,0.0011352143483236432,0.012091762386262417
113,893,1.8862031698226929,1684.37939453125,15.248600006103516,1.703125,1.5625,1.5625,0.09375,2571.84423828125,790,103,0,0,103,-0.0012325700372457504,42.15604782104492,1.095926284790039,0.0006878208369016647,0.003921628929674625
114,913,1.6748147010803223,1529.105712890625,15.462212562561035,1.578125,1.46875,1.46875,0.0625,2661.756103515625,819,94,0,0,94,-0.0002502378774806857,32.47003936767578,1.098406195640564,0.00011624662147369236,0.0
115,917,1.6541013717651367,1516.81103515625,15.393674850463867,1.578125,1.421875,1.421875,0.0625,2698.490234375,824,93,0,0,93,-0.0009449534118175507,33.86199951171875,1.1014360189437866,0.0006047431961633265,0.005104046314954758
116,882,1.6415281295776367,1447.8277587890625,15.663265228271484,1.59375,1.4375,1.4375,0.03125,2595.194580078125,786,96,0,0,96,-0.002931413473561406,29.94761085510254,1.0792088508605957,0.000963617698289454,0.005763038527220488
117,907,1.4139413833618164,1282.44482421875,15.724366188049316,1.453125,1.28125,1.28125,0.0,2627.33837890625,820,87,0,0,87,0.0077188098803162575,24.430479049682617,1.106718897819519,0.0006541615002788603,0.003047122387215495
118,872,1.8100101947784424,1578.3289794921875,15.719037055969238,1.625,1.515625,1.515625,0.0625,2621.302978515625,774,98,0,0,98,-0.003314708126708865,35.01026153564453,1.0902730226516724,0.0012728894362226129,0.0123426653444767
119,937,1.529876947402954,1433.4947509765625,15.384204864501953,1.609375,1.390625,1.390625,0.03125,2682.02294921875,845,92,0,0,92,-0.0035808556713163853,28.043750762939453,1.1255905628204346,0.0016672008205205202,0.013650620356202126
120,897,1.6623942852020264,1491.1676025390625,15.618728637695312,1.65625,1.4375,1.4375,0.046875,2612.8994140625,802,95,0,0,95,-0.0015638229670003057,30.679004669189453,1.141040325164795,0.0003912236716132611,0.0016259131953120232
121,907,1.528503656387329,1386.352783203125,15.786108016967773,1.46875,1.359375,1.359375,0.03125,2622.54150390625,816,91,0,0,91,0.0009047870989888906,27.732175827026367,1.1082792282104492,0.0007639604737050831,0.005605963058769703
122,901,1.6559476852416992,1492.0087890625,15.517203330993652,1.53125,1.4375,1.4375,0.046875,2604.626220703125,806,95,0,0,95,0.0037451577372848988,32.91749572753906,1.1197865009307861,0.00035735557321459055,0.0013750954531133175
123,910,1.5433862209320068,1404.4814453125,15.740659713745117,1.53125,1.359375,1.359375,0.0625,2629.244140625,818,92,0,0,92,-0.0042758784256875515,31.75874900817871,1.0784010887145996,0.0013526973780244589,0.014129485934972763
124,912,1.5989770889282227,1458.26708984375,15.414473533630371,1.625,1.390625,1.390625,0.0625,2618.07958984375,818,94,0,0,94,-0.003134325612336397,33.90742492675781,1.0695072412490845,0.000680978933814913,0.004765625111758709
125,907,1.637787103652954,1485.472900390625,15.717750549316406,1.65625,1.4375,1.4375,0.03125,2628.797607421875,813,94,0,0,94,-0.008066735230386257,30.278118133544922,1.07260262966156,0.0016623639967292547,0.01406002789735794
126,865,1.708074688911438,1477.484619140625,15.974566459655762,1.65625,1.421875,1.421875,0.046875,2577.3271484375,768,97,0,0,97,-0.0036945948377251625,30.321434020996094,1.0658996105194092,0.0003025312616955489,0.00084238889394328
127,898,1.8117097616195679,1626.915283203125,15.39977741241455,1.6875,1.53125,1.53125,0.078125,2599.7548828125,797,101,0,0,101,-0.006166787818074226,35.329227447509766,1.0711928606033325,0.0010768071515485644,0.008185667917132378
128,900,1.6764724254608154,1508.8251953125,15.75333309173584,1.609375,1.4375,1.4375,0.046875,2647.142333984375,806,94,0,0,94,-0.00014799227938055992,33.890316009521484,1.1260451078414917,0.0010528909042477608,0.00848451629281044
129,877,1.952911615371704,1712.7034912109375,15.313569068908691,1.71875,1.578125,1.578125,0.109375,2588.725830078125,775,102,0,0,102,-0.005141604691743851,37.11018371582031,1.098569631576538,0.0007102058152668178,0.005818573292344809
130,872,1.5956162214279175,1391.37744140625,16.108945846557617,1.4375,1.359375,1.359375,0.03125,2519.65478515625,782,90,0,0,90,0.00015103770419955254,28.002016067504883,1.1051216125488281,0.0003707718860823661,0.0023274740669876337
131,871,1.8362540006637573,1599.3773193359375,15.477611541748047,1.734375,1.515625,1.515625,0.046875,2571.73388671875,767,104,0,0,104,-0.003832174465060234,32.40966033935547,1.149056077003479,0.0003768397436942905,0.002229228150099516
132,893,1.6526498794555664,1475.8162841796875,15.963046073913574,1.609375,1.421875,1.421875,0.03125,2646.68115234375,799,94,0,0,94,-0.0009704749099910259,31.294363021850586,1.1543868780136108,0.0009253518655896187,0.00875125639140606
133,940,1.264158844947815,1188.309326171875,15.827659606933594,1.390625,1.203125,1.203125,0.015625,2672.35986328125,860,80,0,0,80,-0.0019745833706110716,23.50708770751953,1.1710331439971924,0.0016659931279718876,0.01583719626069069
134,944,1.499225378036499,1415.268798828125,15.272245407104492,1.546875,1.34375,1.34375,0.046875,2670.249755859375,856,88,0,0,88,-0.00014293193817138672,33.123985290527344,1.1571828126907349,0.00030395647627301514,0.0021791812032461166
135,944,1.3729373216629028,1296.0528564453125,15.355932235717773,1.390625,1.3125,1.3125,0.0,2659.00390625,859,85,0,0,85,-0.004880795255303383,24.95124626159668,1.181972861289978,0.0009555758442729712,0.00800238735973835
136,899,1.6211124658584595,1457.380126953125,15.57508373260498,1.609375,1.4375,1.4375,0.03125,2571.881103515625,804,95,0,0,95,-0.00108852400444448,31.261430740356445,1.1716440916061401,0.0008357096230611205,0.007128654047846794
137,855,1.882002353668213,1609.112060546875,15.992982864379883,1.8125,1.515625,1.515625,0.078125,2557.9228515625,750,105,0,0,105,0.00017538154497742653,35.3631591796875,1.1670585870742798,0.00033458159305155277,0.0012171443086117506
138,847,1.7084792852401733,1447.08203125,16.826446533203125,1.5625,1.375,1.375,0.078125,2556.354736328125,756,91,0,0,91,0.00528477830812335,32.23345184326172,1.185734748840332,0.0010848890524357557,0.010968108661472797
139,885,1.6995608806610107,1504.111328125,16.093786239624023,1.65625,1.46875,1.46875,0.046875,2609.97021484375,787,98,0,0,98,-0.005312077235430479,34.1039924621582,1.1580954790115356,0.0002740123891271651,0.001890944316983223
140,877,2.025844097137451,1776.6654052734375,15.636260032653809,1.8125,1.625,1.625,0.125,2586.73486328125,766,111,0,0,111,0.001733436482027173,43.413143157958984,1.1515142917633057,0.0005885698483325541,0.006161039229482412
141,865,1.7979568243026733,1555.232666015625,16.0762996673584,1.65625,1.484375,1.484375,0.046875,2564.20166015625,767,98,0,0,98,0.004748176783323288,34.83456039428711,1.1890687942504883,0.0001517764467280358,0.00059824826894328
142,901,1.5692003965377808,1413.8494873046875,15.837957382202148,1.578125,1.359375,1.359375,0.0625,2648.4091796875,807,94,0,0,94,-0.006066677160561085,29.45779037475586,1.1857386827468872,8.229105151258409e-05,0.0
143,905,1.4574451446533203,1318.9879150390625,16.0011043548584,1.484375,1.296875,1.296875,0.015625,2603.5400390625,816,89,0,0,89,-0.0032957838848233223,27.247276306152344,1.2052841186523438,0.0007341839955188334,0.006235836073756218
144,934,1.5392394065856934,1437.649658203125,15.480728149414062,1.59375,1.390625,1.390625,0.046875,2690.081787109375,844,90,0,0,90,-0.003923758398741484,32.31887435913086,1.1922144889831543,0.00046439090510830283,0.0024055372923612595
145,852,1.5771888494491577,1343.764892578125,16.92018699645996,1.5,1.328125,1.328125,0.015625,2539.842041015625,766,86,0,0,86,-0.0007046186365187168,26.932174682617188,1.2041641473770142,0.00041230276110582054,0.0019588693976402283
146,910,1.6577214002609253,1508.5263671875,15.154945373535156,1.546875,1.46875,1.46875,0.0625,2579.50244140625,815,95,0,0,95,-0.002882336964830756,33.025184631347656,1.1479401588439941,0.00014065754658076912,0.0
147,953,1.3605244159698486,1296.579833984375,15.566631317138672,1.375,1.25,1.25,0.0625,2738.536865234375,870,83,0,0,83,-0.003925263416022062,27.058021545410156,1.2046072483062744,0.0006659365608356893,0.0063703544437885284
148,898,1.614886999130249,1450.16845703125,15.840757369995117,1.5625,1.40625,1.40625,0.0625,2612.946044921875,807,91,0,0,91,-0.001769340829923749,30.642053604125977,1.1657836437225342,0.0013696430251002312,0.013631395995616913
149,917,1.6638100147247314,1525.7138671875,15.447110176086426,1.59375,1.453125,1.453125,0.0625,2641.346923828125,821,96,0,0,96,-0.0020474984776228666,32.10918426513672,1.1614371538162231,0.0013172018807381392,0.011120153591036797
150,906,1.5622855424880981,1415.4306640625,15.396246910095215,1.625,1.375,1.375,0.03125,2626.594482421875,811,95,0,0,95,-0.0010847917292267084,27.83346939086914,1.1524052619934082,0.0006027919589541852,0.003197374753654003
151,892,1.81707763671875,1620.8331298828125,15.20291519165039,1.6875,1.5625,1.5625,0.046875,2595.47412109375,792,100,0,0,100,0.0018787812441587448,36.478721618652344,1.148864984512329,0.000598251586779952,0.004181229509413242
152,904,1.5942130088806152,1441.1685791015625,15.381637573242188,1.5625,1.375,1.375,0.03125,2612.944091796875,811,93,0,0,93,-0.005829856730997562,28.508962631225586,1.1619185209274292,0.0009164859657175839,0.009307238273322582
153,895,1.5084513425827026,1350.06396484375,16.098323822021484,1.453125,1.3125,1.3125,0.046875,2607.497314453125,806,89,0,0,89,-0.005497644189745188,28.543689727783203,1.1513710021972656,0.001664546551182866,0.01573272794485092
154,901,1.6098690032958984,1450.491943359375,15.3551607131958,1.59375,1.390625,1.390625,0.0625,2577.70263671875,807,94,0,0,94,-0.0013833257835358381,30.83148193359375,1.1224333047866821,0.0005674062413163483,0.0033928644843399525
155,955,1.4605154991149902,1394.792236328125,15.312042236328125,1.59375,1.375,1.375,0.03125,2697.515380859375,861,94,0,0,94,-0.0017762143397703767,28.79765510559082,1.1172980070114136,0.0024180125910788774,0.02265327423810959
156,923,1.650475025177002,1523.388427734375,15.15384578704834,1.5625,1.421875,1.421875,0.0625,2624.396240234375,826,97,0,0,97,-0.005190414376556873,31.215768814086914,1.1436511278152466,0.001071983017027378,0.009988974779844284
157,914,1.6211912631988525,1481.768798828125,15.529540061950684,1.609375,1.40625,1.40625,0.078125,2644.207763671875,820,94,0,0,94,-0.0035033307503908873,33.52703857421875,1.1693754196166992,0.0018025465542450547,0.01691979542374611
158,944,1.5428767204284668,1456.4755859375,15.068856239318848,1.53125,1.40625,1.40625,0.0625,2681.01953125,849,95,0,0,95,-0.003590757492929697,29.185678482055664,1.1620768308639526,0.0010453182039782405,0.009738498367369175
159,899,1.577587366104126,1418.2510986328125,15.698554039001465,1.53125,1.375,1.375,0.078125,2617.24365234375,809,90,0,0,90,-0.001609578961506486,27.84239959716797,1.1474661827087402,0.0005996230756863952,0.006475089117884636
160,894,1.8247838020324707,1631.356689453125,15.37136459350586,1.625,1.53125,1.53125,0.078125,2622.74560546875,794,100,0,0,100,-0.00508879404515028,37.500823974609375,1.0868505239486694,0.0003502490872051567,0.002124406863003969
161,954,1.3998554944992065,1335.462158203125,15.246331214904785,1.515625,1.3125,1.3125,0.046875,2680.322998046875,864,90,0,0,90,-0.0021212920546531677,26.26241683959961,1.1197223663330078,0.0006401385180652142,0.004742514342069626
162,924,1.608593225479126,1486.340087890625,15.194805145263672,1.59375,1.453125,1.453125,0.046875,2621.87646484375,827,97,0,0,97,-0.0025999806821346283,31.315074920654297,1.0956151485443115,0.0017678117146715522,0.012460652738809586
163,850,1.8428356647491455,1566.410400390625,16.114118576049805,1.578125,1.484375,1.484375,0.078125,2521.380126953125,752,98,0,0,98,-0.012114235199987888,34.34157943725586,1.0919945240020752,0.0008699183817952871,0.007004958111792803
164,890,1.7307500839233398,1540.3675537109375,15.780899047851562,1.671875,1.453125,1.453125,0.078125,2623.3115234375,791,99,0,0,99,-0.005661165341734886,33.89750289916992,1.1095366477966309,0.000842170906253159,0.007976552471518517
165,892,1.8878977298736572,1684.004638671875,15.197309494018555,1.75,1.5625,1.5625,0.0625,2604.4140625,791,101,0,0,101,0.0035032276064157486,35.832481384277344,1.1114821434020996,0.0005146522889845073,0.003682668786495924
166,863,1.8536185026168823,1599.6728515625,15.717265129089355,1.71875,1.53125,1.53125,0.015625,2482.95361328125,760,103,0,0,103,-0.00015615206211805344,32.612770080566406,1.1327823400497437,0.0007969889556989074,0.006714910268783569
167,893,1.7348867654800415,1549.2537841796875,15.759238243103027,1.609375,1.453125,1.453125,0.078125,2565.29931640625,793,100,0,0,100,-0.0054971943609416485,34.07933807373047,1.1205224990844727,0.0010183255653828382,0.009567621164023876
168,887,1.8181160688400269,1612.6690673828125,14.986471176147461,1.65625,1.546875,1.546875,0.046875,2534.848876953125,786,101,0,0,101,-0.00782955065369606,32.45692443847656,1.098667025566101,0.0016328535275533795,0.013882812112569809
169,917,1.4859929084777832,1362.655517578125,15.666303634643555,1.5,1.328125,1.328125,0.015625,2638.306396484375,828,89,0,0,89,-0.004221132956445217,26.626285552978516,1.1220388412475586,0.0008267868543043733,0.006647256202995777
170,912,1.5239394903182983,1389.832763671875,15.650218963623047,1.578125,1.375,1.375,0.015625,2647.53955078125,820,92,0,0,92,-0.0045642247423529625,27.57467269897461,1.1148481369018555,0.001270011649467051,0.010224608704447746
171,907,1.594971776008606,1446.639404296875,15.36493968963623,1.59375,1.421875,1.421875,0.015625,2637.466796875,810,97,0,0,97,-0.0019252580823376775,26.98632049560547,1.0943329334259033,0.00041260116267949343,0.002242385409772396
172,937,1.5576634407043457,1459.5306396484375,15.243330001831055,1.5625,1.390625,1.390625,0.078125,2631.802734375,844,93,0,0,93,-0.002552974270656705,29.781126022338867,1.0650858879089355,0.0009719259105622768,0.009544461965560913
173,922,1.5667108297348022,1444.50732421875,15.526030540466309,1.625,1.390625,1.390625,0.015625,2682.669921875,829,93,0,0,93,-0.002637371188029647,28.524246215820312,1.0819635391235352,0.0011578387347981334,0.009941883385181427
174,955,1.63473379611969,1561.1707763671875,14.527749061584473,1.609375,1.484375,1.484375,0.078125,2613.063232421875,856,99,0,0,99,-0.006102010142058134,32.80784606933594,1.0613417625427246,0.0016267667524516582,0.013874131254851818
175,921,1.6329944133758545,1503.98779296875,15.32898998260498,1.5,1.4375,1.4375,0.046875,2655.61279296875,827,94,0,0,94,-0.008690104819834232,30.15688133239746,1.0106985569000244,0.0029657394625246525,0.023030400276184082
176,935,1.511216640472412,1412.987548828125,15.10588264465332,1.609375,1.375,1.375,0.046875,2603.51611328125,844,91,0,0,91,-0.006949707865715027,29.53013801574707,1.0254135131835938,0.005750151351094246,0.036374643445014954
177,874,1.8489019870758057,1615.9404296875,16.01258659362793,1.703125,1.484375,1.484375,0.078125,2548.980712890625,774,100,0,0,100,-0.004501224961131811,38.17073059082031,0.9708406329154968,0.0023301944602280855,0.01963645964860916
178,919,1.638454794883728,1505.739990234375,14.981501579284668,1.609375,1.4375,1.4375,0.0625,2590.62255859375,822,97,0,0,97,0.00045413937186822295,29.918853759765625,0.9989293813705444,0.0017220608424395323,0.012309006415307522
179,945,1.6399340629577637,1549.7376708984375,14.450793266296387,1.546875,1.46875,1.46875,0.078125,2590.50537109375,849,96,0,0,96,-0.002157526556402445,32.65641784667969,0.9900031685829163,0.0012718697544187307,0.011100223287940025
180,847,1.9924448728561401,1687.600830078125,15.805194854736328,1.859375,1.609375,1.609375,0.03125,2479.215087890625,739,108,0,0,108,-0.0018159567844122648,36.133033752441406,0.9708549976348877,0.001880484982393682,0.016652576625347137
181,918,1.6071761846542358,1475.3878173828125,15.058823585510254,1.59375,1.453125,1.453125,0.0625,2572.283447265625,824,94,0,0,94,-0.00579709792509675,30.326335906982422,0.9980568289756775,0.0004981474485248327,0.0049682012759149075
182,947,1.5309966802597046,1449.853759765625,14.733896255493164,1.59375,1.40625,1.40625,0.03125,2596.552978515625,854,93,0,0,93,-0.0050733196549117565,28.947721481323242,1.013299822807312,0.0015935938572511077,0.012913635931909084
183,886,1.7135676145553589,1518.2208251953125,15.545146942138672,1.640625,1.4375,1.4375,0.109375,2563.589599609375,789,97,0,0,97,-0.005482327193021774,31.350399017333984,1.0325937271118164,0.001552121713757515,0.01350867934525013
184,1016,1.2830784320831299,1303.607666015625,14.751968383789062,1.5,1.25,1.25,0.078125,2792.0703125,929,87,0,0,87,-0.005210602656006813,27.08617401123047,1.0649751424789429,0.0011756287422031164,0.0093703493475914
185,869,1.9835799932479858,1723.73095703125,15.468354225158691,1.796875,1.578125,1.578125,0.109375,2538.06787109375,764,105,0,0,105,-0.0005582489538937807,39.797035217285156,1.0533922910690308,0.0013844636268913746,0.013498172163963318
186,934,1.5541106462478638,1451.539306640625,15.038543701171875,1.59375,1.40625,1.40625,0.0625,2632.26171875,842,92,0,0,92,-0.00456943130120635,28.689481735229492,1.0368871688842773,0.0007345315534621477,0.005071414168924093
187,936,1.5027931928634644,1406.6143798828125,15.461538314819336,1.484375,1.328125,1.328125,0.0625,2688.25,849,87,0,0,87,-0.005995238199830055,30.445985794067383,1.050057291984558,0.0006401593564078212,0.003629864426329732
188,950,1.534580945968628,1457.8519287109375,14.822105407714844,1.5625,1.40625,1.40625,0.03125,2596.45703125,854,96,0,0,96,-0.007420329377055168,28.517465591430664,1.0579439401626587,0.004750951658934355,0.03291662037372589
189,948,1.5979242324829102,1514.832275390625,14.651898384094238,1.640625,1.46875,1.46875,0.046875,2647.5166015625,850,98,0,0,98,-0.004639857914298773,32.466102600097656,1.009543538093567,0.00209677591919899,0.01377042755484581
190,901,1.7371739149093628,1565.193603515625,15.317424774169922,1.6875,1.46875,1.46875,0.0625,2562.16455078125,801,100,0,0,100,-0.0021920576691627502,33.63750076293945,0.9837518930435181,0.001444005174562335,0.010243237018585205
191,931,1.6714835166931152,1556.151123046875,15.089151382446289,1.59375,1.46875,1.46875,0.078125,2612.03271484375,834,97,0,0,97,-0.0021643340587615967,34.26329803466797,0.98347008228302,0.0021940446458756924,0.01885068789124489
192,921,1.6053322553634644,1478.510986328125,15.257328987121582,1.578125,1.40625,1.40625,0.0625,2578.69677734375,824,97,0,0,97,-0.008411379531025887,30.25667953491211,0.991233766078949,0.0017684830818325281,0.017836593091487885
193,877,1.8110802173614502,1588.3173828125,15.583808898925781,1.59375,1.46875,1.46875,0.078125,2516.53076171875,778,99,0,0,99,-0.005601836834102869,33.38032150268555,0.9983162879943848,0.0016126369591802359,0.01769651658833027
194,925,1.7291309833526611,1599.4461669921875,15.118919372558594,1.546875,1.46875,1.46875,0.109375,2627.40234375,830,95,0,0,95,-0.0064068688079714775,35.15755844116211,1.0532495975494385,0.000991821987554431,0.008621769957244396
195,881,1.5711777210235596,1384.20751953125,16.30419921875,1.609375,1.328125,1.328125,0.0625,2562.894287109375,789,92,0,0,92,-0.002762953285127878,28.581892013549805,1.050757646560669,0.0005127597833052278,0.0019928226247429848
196,954,1.4014118909835815,1336.947021484375,14.858490943908691,1.625,1.359375,1.359375,0.0,2653.48828125,862,92,0,0,92,-0.0040384023450315,26.743675231933594,1.046037197113037,0.001162856351584196,0.009279552847146988
197,937,1.5609019994735718,1462.565185546875,15.155816078186035,1.53125,1.421875,1.421875,0.046875,2633.60107421875,844,93,0,0,93,-0.0033096468541771173,30.585134506225586,1.0304096937179565,0.0006685255793854594,0.00543255964294076
198,898,1.7623666524887085,1582.605224609375,15.328507423400879,1.625,1.484375,1.484375,0.078125,2531.5224609375,802,96,0,0,96,-0.007291730493307114,31.934345245361328,1.0269479751586914,0.0011482140980660915,0.01175796426832676
199,908,1.629010796546936,1479.141845703125,15.539647102355957,1.5625,1.421875,1.421875,0.09375,2611.56005859375,814,94,0,0,94,-0.005463020410388708,31.744281768798828,1.0131582021713257,0.0008275499567389488,0.005985144525766373
200,841,2.012728691101074,1692.704833984375,16.243757247924805,1.75,1.59375,1.59375,0.078125,2484.623046875,735,106,0,0,106,-0.00586199015378952,38.486881256103516,0.9382022619247437,0.0008694984717294574,0.006864878349006176
